,
-1
,
-1
,
-1
,
-1
,
-1
,
-1
,
-1
,
-1
,
-1
7,
9,
1,
2,
-1
,
-1
,
-1
,
-1
,
-1
,
-1
,
-1
,
-1
,
-1
,
-1
,
-1
,
-1
,
-1
,
-1
,
-1
,
-1
,
-1
,
-1
,
-1
,
-1
,
-1
,
-1
,
-1
,
-1
,
-1
,
-1
,
-1
,
-1
,
-1
,
-1
,
-1
,
-1
,
-1
,
-1
,
-1
,
-1
,
-1
,
-1
,
-1
,
-1
,
-1
,
-1
,
-1
,
-1
,
-1
,
-1
,
-1
,
-1
,
-1
,
-1
,
-1
,
-1
,
-1
,
-1
,
-1
,
-1
,
-1
,
-1
,
-1
,
-1
,
-1
,
-1
,
-1
7,
9,
1,
2,
-1
,
-1
3,
8,5,
-1
,
-1
,
-1
,
-1
6,
8,
5,
3,
-1
,
-1
,
-1
4,
2,8,5,1,
-1
,
-1
,
-1
6,
8,
5,
3,
-1
,
-1
,
-1
,
-1
7,
9,
1,
2,
-1
,
-1
,
-1
,
-1
,
-1
,
-1
,
-1
,
-1
,
-1
,
-1
,
-1
4,
2,8,5,1,
-1
,
-1
,
-1
,
-1
,
-1
,
-1
,
-1
,
-1
,
-1
,
-1
,
-1
,
-1
,
-1
,
-1
,
-1
7,
9,
1,
2,
-1
,
-1
,
-1
,
-1
1,
2,
-1
,
-1
,
-1
,
-1
,
-1
,
-1
,
-1
3,
8,5,
-1
2,
1,
-1
,
-1
,
-1
,
-1
,
-1
,
-1
,
-1
,
-1
,
-1
,
-1
,
-1
,
-1
,
-1
8,
5,
3,
-1
,
-1
,
-1
3,
8,5,
-1
,
-1
,
-1
,
-1
7,
9,
1,
2,
-1
1,
2,
-1
,
-1
,
-1
,
-1
,
-1
,
-1
,
-1
,
-1
,
-1
,
-1
,
-1
6,
8,
5,
3,
-1
,
-1
,
-1
,
-1
,
-1
,
-1
,
-1
,
-1
,
-1
,
-1
,
-1
,
-1
,
-1
,
-1
,
-1
,
-1
,
-1
,
-1
,
-1
,
-1
,
-1
,
-1
6,
8,
5,
3,
-1
,
-1
,
-1
,
-1
9,
-1
,
-1
,
-1
,
-1
,
-1
,
-1
,
-1
,
-1
,
-1
,
-1
2,
1,
-1
,
-1
,
-1
,
-1
,
-1
,
-1
,
-1
,
-1
,
-1
,
-1
,
-1
,
-1
,
-1
,
-1
,
-1
,
-1
,
-1
,
-1
,
-1
,
-1
,
-1
,
-1
,
-1
,
-1
,
-1
,
-1
,
-1
,
-1
,
-1
,
-1
,
-1
,
-1
,
-1
,
-1
,
-1
,
-1
,
-1
,
-1
,
-1
,
-1
2,
1,
-1
,
-1
2,
1,
-1
,
-1
,
-1
,
-1
,
-1
,
-1
,
-1
,
-1
,
-1
,
-1
,
-1
,
-1
,
-1
,
-1
4,
2,8,5,1,
-1
,
-1
,
-1
,
-1
,
-1
,
-1
,
-1
6,
8,
5,
3,
-1
,
-1
,
-1
,
-1
,
-1
,
-1
,
-1
,
-1
,
-1
5,
8,
3,
-1
3,
8,5,
-1
8,
5,
3,
-1
,
-1
,
-1
,
-1
,
-1
,
-1
,
-1
,
-1
,
-1
,
-1
,
-1
,
-1
,
-1
,
-1
,
-1
,
-1
,
-1
,
-1
,
-1
,
-1
,
-1
,
-1
,
-1
,
-1
,
-1
,
-1
8,
5,
3,
-1
,
-1
,
-1
2,
1,
-1
,
-1
,
-1
,
-1
,
-1
,
-1
,
-1
,
-1
,
-1
,
-1
,
-1
,
-1
,
-1
,
-1
,
-1
,
-1
,
-1
,
-1
,
-1
,
-1
,
-1
,
-1
,
-1
,
-1
,
-1
,
-1
,
-1
,
-1
,
-1
,
-1
4,
2,8,5,1,
-1
,
-1
6,
8,
5,
3,
-1
,
-1
,
-1
,
-1
,
-1
,
-1
,
-1
,
-1
,
-1
,
-1
,
-1
3,
8,5,
-1
2,
1,
-1
,
-1
,
-1
,
-1
,
-1
,
-1
,
-1
,
-1
,
-1
,
-1
,
-1
,
-1
,
-1
,
-1
,
-1
,
-1
,
-1
,
-1
,
-1
,
-1
8,
5,
3,
-1
,
-1
,
-1
,
-1
,
-1
,
-1
,
-1
6,
8,
5,
3,
-1
,
-1
,
-1
,
-1
,
-1
,
-1
,
-1
,
-1
,
-1
,
-1
,
-1
,
-1
,
-1
,
-1
,
-1
,
-1
,
-1
,
-1
,
-1
,
-1
,
-1
7,
9,
1,
2,
-1
,
-1
1,
2,
-1
,
-1
3,
8,5,
-1
6,
8,
5,
3,
-1
,
-1
3,
8,5,
-1
,
-1
,
-1
,
-1
,
-1
,
-1
,
-1
,
-1
,
-1
,
-1
,
-1
,
-1
9,
-1
,
-1
,
-1
,
-1
,
-1
,
-1
,
-1
,
-1
,
-1
,
-1
,
-1
,
-1
,
-1
,
-1
,
-1
,
-1
8,
5,
3,
-1
,
-1
,
-1
,
-1
,
-1
,
-1
,
-1
,
-1
,
-1
3,
8,5,
-1
,
-1
,
-1
,
-1
,
-1
,
-1
4,
2,8,5,1,
-1
5,
8,
3,
-1
,
-1
,
-1
,
-1
,
-1
,
-1
,
-1
3,
8,5,
-1
4,
2,8,5,1,
-1
,
-1
,
-1
,
-1
,
-1
2,
1,
-1
,
-1
,
-1
,
-1
,
-1
,
-1
,
-1
,
-1
,
-1
,
-1
,
-1
9,
-1
,
-1
,
-1
,
-1
,
-1
,
-1
7,
9,
1,
2,
-1
,
-1
,
-1
,
-1
,
-1
,
-1
,
-1
4,6,
2,5,8,3,
-1
,
-1
,
-1
,
-1
,
-1
,
-1
,
-1
,
-1
,
-1
,
-1
,
-1
,
-1
,
-1
,
-1
,
-1
,
-1
,
-1
,
-1
,
-1
1,
2,
-1
,
-1
,
-1
,
-1
4,
2,8,5,1,
-1
,
-1
,
-1
,
-1
,
-1
,
-1
6,8,
5,
3,
-1
,
-1
,
-1
,
-1
,
-1
,
-1
,
-1
,
-1
8,
5,
3,
-1
,
-1
,
-1
,
-1
,
-1
,
-1
,
-1
,
-1
,
-1
,
-1
,
-1
4,
2,8,5,1,
-1
,
-1
,
-1
,
-1
,
-1
,
-1
,
-1
6,
8,
5,
3,
-1
,
-1
4,
2,8,5,1,
-1
,
-1
,
-1
3,
8,5,
-1
,
-1
,
-1
,
-1
,
-1
,
-1
,
-1
,
-1
,
-1
,
-1
,
-1
6,
8,
5,
3,
-1
,
-1
,
-1
,
-1
,
-1
,
-1
,
-1
8,
5,
3,
-1
,
-1
1,
2,
-1
,
-1
,
-1
,
-1
,
-1
,
-1
,
-1
6,
8,
5,
3,
-1
,
-1
,
-1
,
-1
,
-1
,
-1
,
-1
,
-1
,
-1
,
-1
,
-1
,
-1
5,
8,
3,
-1
,
-1
,
-1
,
-1
,
-1
,
-1
,
-1
,
-1
,
-1
,
-1
,
-1
,
-1
,
-1
,
-1
,
-1
3,
8,5,
-1
,
-1
,
-1
,
-1
,
-1
,
-1
,
-1
,
-1
,
-1
,
-1
5,
8,
3,
-1
,
-1
,
-1
,
-1
,
-1
8,
5,
3,
-1
,
-1
,
-1
,
-1
,
-1
,
-1
,
-1
,
-1
,
-1
,
-1
,
-1
,
-1
,
-1
,
-1
,
-1
,
-1
,
-1
,
-1
,
-1
7,
9,
1,
2,
-1
,
-1
,
-1
,
-1
3,
8,5,
-1
5,
8,
3,
-1
,
-1
,
-1
,
-1
,
-1
,
-1
,
-1
,
-1
,
-1
,
-1
,
-1
,
-1
,
-1
,
-1
1,
2,
-1
,
-1
,
-1
,
-1
,
-1
,
-1
,
-1
,
-1
,
-1
7,
9,
1,
2,
-1
,
-1
,
-1
,
-1
,
-1
,
-1
7,
9,
1,
2,
-1
,
-1
,
-1
5,
8,
3,
-1
,
-1
,
-1
,
-1
,
-1
,
-1
,
-1
,
-1
,
-1
,
-1
,
-1
,
-1
,
-1
,
-1
,
-1
,
-1
,
-1
,
-1
,
-1
,
-1
,
-1
,
-1
,
-1
,
-1
,
-1
,
-1
,
-1
,
-1
,
-1
,
-1
,
-1
,
-1
,
-1
,
-1
,
-1
,
-1
,
-1
,
-1
,
-1
,
-1
,
-1
,
-1
,
-1
,
-1
,
-1
,
-1
,
-1
,
-1
,
-1
,
-1
,
-1
,
-1
,
-1
,
-1
,
-1
,
-1
,
-1
,
-1
,
-1
2,
1,
-1
,
-1
,
-1
,
-1
,
-1
,
-1
,
-1
,
-1
,
-1
,
-1
,
-1
,
-1
,
-1
,
-1
,
-1
,
-1
,
-1
1,
2,
-1
,
-1
,
-1
,
-1
,
-1
,
-1
,
-1
,
-1
,
-1
,
-1
,
-1
,
-1
,
-1
,
-1
,
-1
,
-1
,
-1
,
-1
,
-1
,
-1
,
-1
,
-1
,
-1
,
-1
,
-1
,
-1
,
-1
3,
8,5,
-1
,
-1
8,
5,
3,
-1
,
-1
,
-1
,
-1
,
-1
5,
8,
3,
-1
,
-1
,
-1
,
-1
,
-1
,
-1
,
-1
,
-1
,
-1
,
-1
,
-1
,
-1
,
-1
,
-1
5,
8,
3,
-1
,
-1
,
-1
,
-1
,
-1
,
-1
,
-1
,
-1
8,
5,
3,
-1
,
-1
,
-1
,
-1
,
-1
,
-1
6,
8,
5,
3,
-1
,
-1
,
-1
,
-1
8,
5,
3,
-1
,
-1
,
-1
,
-1
,
-1
,
-1
,
-1
,
-1
,
-1
,
-1
,
-1
,
-1
,
-1
7,
9,
1,
2,
-1
,
-1
,
-1
,
-1
,
-1
,
-1
,
-1
,
-1
8,
5,
3,
-1
,
-1
,
-1
,
-1
,
-1
,
-1
,
-1
,
-1
,
-1
,
-1
,
-1
,
-1
,
-1
,
-1
,
-1
,
-1
,
-1
,
-1
,
-1
,
-1
,
-1
,
-1
1,
2,
-1
3,
8,5,
-1
,
-1
,
-1
,
-1
9,
-1
,
-1
,
-1
,
-1
,
-1
,
-1
,
-1
,
-1
,
-1
,
-1
,
-1
,
-1
,
-1
,
-1
,
-1
3,
8,5,
-1
,
-1
,
-1
,
-1
,
-1
,
-1
,
-1
,
-1
,
-1
,
-1
,
-1
,
-1
,
-1
,
-1
,
-1
,
-1
,
-1
,
-1
,
-1
,
-1
,
-1
,
-1
,
-1
,
-1
2,4,
8,1,
-1
,
-1
6,
8,
5,
3,
-1
,
-1
,
-1
,
-1
,
-1
,
-1
,
-1
,
-1
,
-1
,
-1
,
-1
,
-1
,
-1
,
-1
,
-1
,
-1
,
-1
,
-1
,
-1
,
-1
,
-1
,
-1
5,
8,
3,
-1
,
-1
,
-1
,
-1
,
-1
,
-1
,
-1
,
-1
,
-1
,
-1
,
-1
,
-1
,
-1
,
-1
,
-1
,
-1
,
-1
,
-1
,
-1
,
-1
,
-1
,
-1
,
-1
,
-1
,
-1
,
-1
4,
2,8,5,1,
-1
,
-1
,
-1
,
-1
,
-1
,
-1
,
-1
,
-1
,
-1
1,
2,
-1
,
-1
,
-1
,
-1
,
-1
,
-1
,
-1
,
-1
2,
1,
-1
,
-1
,
-1
,
-1
,
-1
,
-1
,
-1
,
-1
,
-1
,
-1
,
-1
,
-1
,
-1
,
-1
,
-1
,
-1
,
-1
,
-1
,
-1
,
-1
,
-1
,
-1
,
-1
,
-1
,
-1
,
-1
,
-1
,
-1
,
-1
,
-1
,
-1
8,
5,
3,
-1
,
-1
,
-1
,
-1
,
-1
,
-1
,
-1
,
-1
,
-1
,
-1
,
-1
,
-1
,
-1
,
-1
,
-1
,
-1
,
-1
4,
2,8,5,1,
-1
,
-1
,
-1
,
-1
,
-1
,
-1
,
-1
,
-1
,
-1
,
-1
,
-1
,
-1
,
-1
,
-1
,
-1
,
-1
,
-1
,
-1
,
-1
,
-1
,
-1
,
-1
,
-1
7,
9,
1,
2,
-1
,
-1
,
-1
,
-1
,
-1
,
-1
,
-1
,
-1
4,
2,8,5,1,
-1
,
-1
,
-1
,
-1
,
-1
,
-1
,
-1
,
-1
4,
2,8,5,1,
-1
,
-1
,
-1
,
-1
,
-1
,
-1
,
-1
4,
2,8,5,1,
-1
,
-1
,
-1
,
-1
,
-1
,
-1
,
-1
,
-1
,
-1
,
-1
,
-1
,
-1
,
-1
,
-1
,
-1
,
-1
3,
8,5,
-1
,
-1
,
-1
1,
2,
-1
,
-1
,
-1
,
-1
,
-1
,
-1
,
-1
,
-1
,
-1
,
-1
,
-1
,
-1
,
-1
,
-1
,
-1
,
-1
,
-1
,
-1
,
-1
,
-1
,
-1
,
-1
,
-1
,
-1
4,
2,8,5,1,
-1
,
-1
,
-1
,
-1
1,
2,
-1
,
-1
,
-1
6,
8,
5,
3,
-1
,
-1
,
-1
,
-1
,
-1
,
-1
,
-1
,
-1
,
-1
,
-1
,
-1
,
-1
,
-1
,
-1
,
-1
,
-1
,
-1
,
-1
,
-1
,
-1
,
-1
,
-1
,
-1
,
-1
,
-1
,
-1
,
-1
4,
2,8,5,1,
-1
,
-1
,
-1
,
-1
,
-1
,
-1
,
-1
,
-1
,
-1
,
-1
,
-1
,
-1
,
-1
,
-1
,
-1
,
-1
,
-1
,
-1
,
-1
,
-1
,
-1
,
-1
,
-1
,
-1
,
-1
,
-1
,
-1
,
-1
,
-1
,
-1
,
-1
4,
2,8,5,1,
-1
,
-1
,
-1
,
-1
,
-1
,
-1
,
-1
,
-1
,
-1
,
-1
,
-1
,
-1
,
-1
,
-1
2,
1,
-1
,
-1
,
-1
,
-1
,
-1
,
-1
,
-1
,
-1
,
-1
,
-1
,
-1
,
-1
,
-1
,
-1
,
-1
,
-1
,
-1
,
-1
,
-1
,
-1
,
-1
5,
8,
3,
-1
,
-1
,
-1
,
-1
,
-1
,
-1
,
-1
,
-1
,
-1
9,
-1
,
-1
1,
2,
-1
,
-1
,
-1
,
-1
5,
8,
3,
-1
,
-1
,
-1
,
-1
,
-1
,
-1
,
-1
,
-1
,
-1
,
-1
,
-1
,
-1
,
-1
1,
2,
-1
,
-1
,
-1
5,
8,
3,
-1
8,
5,
3,
-1
,
-1
,
-1
,
-1
,
-1
,
-1
,
-1
,
-1
,
-1
,
-1
,
-1
,
-1
,
-1
,
-1
,
-1
,
-1
,
-1
,
-1
7,
9,
1,
2,
-1
,
-1
,
-1
,
-1
,
-1
,
-1
,
-1
,
-1
9,
-1
,
-1
,
-1
,
-1
,
-1
,
-1
,
-1
,
-1
,
-1
,
-1
,
-1
1,
2,
-1
,
-1
,
-1
,
-1
,
-1
,
-1
,
-1
,
-1
,
-1
,
-1
,
-1
,
-1
,
-1
,
-1
,
-1
,
-1
,
-1
,
-1
,
-1
,
-1
,
-1
,
-1
,
-1
1,
2,
-1
,
-1
1,
2,
-1
,
-1
,
-1
,
-1
,
-1
5,8,
3,
-1
,
-1
,
-1
4,
2,8,5,1,
-1
9,
-1
,
-1
,
-1
,
-1
,
-1
,
-1
,
-1
2,
1,
-1
,
-1
5,
8,
3,
-1
,
-1
,
-1
,
-1
6,
8,
5,
3,
-1
2,
1,
-1
,
-1
3,
8,5,
-1
,
-1
1,
2,
-1
,
-1
,
-1
,
-1
,
-1
,
-1
,
-1
,
-1
8,
5,
3,
-1
,
-1
,
-1
,
-1
,
-1
,
-1
,
-1
,
-1
,
-1
,
-1
,
-1
,
-1
,
-1
,
-1
,
-1
,
-1
,
-1
,
-1
,
-1
5,
8,
3,
-1
,
-1
,
-1
,
-1
6,
8,
5,
3,
-1
,
-1
,
-1
,
-1
,
-1
,
-1
,
-1
,
-1
3,
8,5,
-1
8,
5,
3,
-1
,
-1
,
-1
,
-1
,
-1
,
-1
,
-1
,
-1
,
-1
,
-1
,
-1
,
-1
,
-1
,
-1
,
-1
,
-1
,
-1
,
-1
,
-1
,
-1
,
-1
,
-1
,
-1
,
-1
,
-1
,
-1
,
-1
,
-1
,
-1
,
-1
,
-1
,
-1
,
-1
4,
2,8,5,1,
-1
,
-1
,
-1
,
-1
,
-1
,
-1
,
-1
,
-1
,
-1
,
-1
,
-1
,
-1
,
-1
,
-1
,
-1
,
-1
,
-1
,
-1
,
-1
,
-1
,
-1
,
-1
,
-1
,
-1
,
-1
,
-1
,
-1
,
-1
,
-1
,
-1
,
-1
4,
2,8,5,1,
-1
,
-1
2,
1,
-1
,
-1
,
-1
,
-1
,
-1
,
-1
,
-1
,
-1
4,
2,8,5,1,
-1
,
-1
,
-1
,
-1
,
-1
8,
5,
3,
-1
,
-1
,
-1
,
-1
,
-1
,
-1
,
-1
,
-1
,
-1
,
-1
,
-1
,
-1
,
-1
,
-1
,
-1
,
-1
,
-1
,
-1
,
-1
,
-1
,
-1
,
-1
5,
8,
3,
-1
,
-1
,
-1
,
-1
,
-1
,
-1
,
-1
,
-1
,
-1
,
-1
,
-1
,
-1
6,
8,
5,
3,
-1
,
-1
9,
-1
,
-1
,
-1
,
-1
,
-1
,
-1
,
-1
,
-1
,
-1
,
-1
,
-1
,
-1
,
-1
,
-1
,
-1
,
-1
,
-1
,
-1
,
-1
,
-1
,
-1
,
-1
,
-1
,
-1
,
-1
,
-1
,
-1
2,
1,
-1
,
-1
,
-1
,
-1
,
-1
,
-1
,
-1
,
-1
,
-1
,
-1
,
-1
,
-1
,
-1
,
-1
,
-1
,
-1
,
-1
8,
5,
3,
-1
,
-1
,
-1
,
-1
,
-1
,
-1
,
-1
,
-1
,
-1
,
-1
,
-1
7,
9,
1,
2,
-1
,
-1
,
-1
,
-1
,
-1
,
-1
,
-1
,
-1
,
-1
,
-1
6,
8,
5,
3,
-1
,
-1
,
-1
,
-1
,
-1
,
-1
,
-1
,
-1
,
-1
,
-1
,
-1
,
-1
,
-1
,
-1
,
-1
,
-1
,
-1
,
-1
,
-1
,
-1
,
-1
,
-1
,
-1
7,
9,
1,
2,
-1
,
-1
,
-1
,
-1
6,
8,
5,
3,
-1
,
-1
,
-1
,
-1
2,
1,
-1
,
-1
,
-1
,
-1
,
-1
,
-1
,
-1
,
-1
,
-1
,
-1
,
-1
,
-1
1,
2,
-1
,
-1
,
-1
,
-1
,
-1
,
-1
,
-1
,
-1
,
-1
,
-1
,
-1
,
-1
,
-1
,
-1
,
-1
,
-1
,
-1
,
-1
,
-1
7,
9,
1,
2,
-1
,
-1
9,
-1
,
-1
,
-1
,
-1
,
-1
,
-1
,
-1
,
-1
,
-1
,
-1
1,
2,
-1
8,
5,
3,
-1
,
-1
2,
1,
-1
,
-1
,
-1
,
-1
,
-1
,
-1
,
-1
,
-1
,
-1
,
-1
3,
8,5,
-1
,
-1
,
-1
,
-1
,
-1
,
-1
,
-1
,
-1
,
-1
,
-1
,
-1
2,
1,
-1
,
-1
,
-1
,
-1
,
-1
,
-1
,
-1
,
-1
,
-1
2,
1,
-1
,
-1
,
-1
,
-1
,
-1
,
-1
,
-1
,
-1
,
-1
,
-1
,
-1
,
-1
,
-1
,
-1
,
-1
,
-1
,
-1
,
-1
,
-1
,
-1
,
-1
,
-1
,
-1
,
-1
,
-1
,
-1
,
-1
,
-1
,
-1
,
-1
,
-1
9,
-1
,
-1
,
-1
,
-1
,
-1
,
-1
,
-1
,
-1
,
-1
,
-1
,
-1
,
-1
,
-1
,
-1
,
-1
6,
8,
5,
3,
-1
,
-1
,
-1
,
-1
,
-1
,
-1
,
-1
,
-1
,
-1
1,
2,
-1
,
-1
,
-1
,
-1
2,
1,
-1
3,
8,5,
-1
,
-1
,
-1
5,
8,
3,
-1
,
-1
,
-1
,
-1
,
-1
,
-1
,
-1
,
-1
,
-1
,
-1
,
-1
,
-1
,
-1
,
-1
,
-1
,
-1
,
-1
6,
8,
5,
3,
-1
,
-1
9,
-1
,
-1
,
-1
,
-1
,
-1
,
-1
,
-1
,
-1
,
-1
,
-1
,
-1
,
-1
,
-1
,
-1
,
-1
,
-1
,
-1
,
-1
,
-1
,
-1
,
-1
,
-1
,
-1
,
-1
,
-1
,
-1
,
-1
,
-1
,
-1
,
-1
,
-1
,
-1
,
-1
,
-1
1,
2,
-1
,
-1
,
-1
,
-1
,
-1
,
-1
,
-1
,
-1
,
-1
,
-1
,
-1
,
-1
,
-1
,
-1
,
-1
,
-1
,
-1
,
-1
,
-1
,
-1
,
-1
,
-1
,
-1
,
-1
,
-1
,
-1
,
-1
,
-1
,
-1
,
-1
,
-1
,
-1
,
-1
,
-1
,
-1
,
-1
,
-1
1,
2,
-1
,
-1
,
-1
,
-1
,
-1
,
-1
,
-1
,
-1
,
-1
,
-1
,
-1
,
-1
,
-1
,
-1
,
-1
,
-1
1,
2,
-1
,
-1
,
-1
,
-1
,
-1
,
-1
,
-1
,
-1
,
-1
,
-1
,
-1
,
-1
,
-1
,
-1
,
-1
,
-1
,
-1
,
-1
,
-1
,
-1
,
-1
3,
8,5,
-1
,
-1
,
-1
,
-1
,
-1
,
-1
,
-1
,
-1
,
-1
,
-1
,
-1
,
-1
,
-1
,
-1
,
-1
,
-1
7,
9,
1,
2,
-1
,
-1
,
-1
,
-1
,
-1
,
-1
,
-1
,
-1
,
-1
,
-1
,
-1
,
-1
4,
2,8,5,1,
-1
,
-1
,
-1
,
-1
,
-1
,
-1
,
-1
1,
2,
-1
,
-1
,
-1
,
-1
,
-1
,
-1
,
-1
,
-1
,
-1
,
-1
,
-1
,
-1
,
-1
,
-1
,
-1
,
-1
,
-1
,
-1
,
-1
,
-1
,
-1
,
-1
,
-1
,
-1
,
-1
,
-1
,
-1
,
-1
,
-1
,
-1
6,
8,
5,
3,
-1
,
-1
7,
9,
1,
2,
-1
,
-1
,
-1
,
-1
,
-1
,
-1
,
-1
,
-1
,
-1
,
-1
,
-1
,
-1
,
-1
,
-1
,
-1
,
-1
,
-1
,
-1
,
-1
,
-1
,
-1
,
-1
,
-1
,
-1
,
-1
,
-1
,
-1
,
-1
,
-1
,
-1
2,
1,
-1
,
-1
,
-1
,
-1
,
-1
,
-1
,
-1
,
-1
,
-1
,
-1
,
-1
,
-1
,
-1
,
-1
,
-1
,
-1
,
-1
,
-1
,
-1
,
-1
,
-1
,
-1
,
-1
7,
9,
1,
2,
-1
,
-1
2,
1,
-1
,
-1
3,
8,5,
-1
,
-1
,
-1
,
-1
,
-1
,
-1
,
-1
,
-1
,
-1
,
-1
,
-1
,
-1
,
-1
,
-1
,
-1
,
-1
1,
2,
-1
,
-1
,
-1
,
-1
,
-1
,
-1
,
-1
,
-1
,
-1
,
-1
9,
-1
,
-1
,
-1
,
-1
,
-1
,
-1
,
-1
,
-1
,
-1
,
-1
,
-1
,
-1
,
-1
,
-1
6,
8,
5,
3,
-1
,
-1
,
-1
,
-1
,
-1
,
-1
,
-1
,
-1
,
-1
,
-1
,
-1
,
-1
,
-1
,
-1
,
-1
,
-1
,
-1
,
-1
,
-1
,
-1
,
-1
,
-1
,
-1
,
-1
,
-1
,
-1
,
-1
9,
-1
,
-1
,
-1
,
-1
,
-1
,
-1
,
-1
8,
5,
3,
-1
,
-1
,
-1
,
-1
,
-1
,
-1
,
-1
,
-1
,
-1
,
-1
,
-1
,
-1
,
-1
,
-1
,
-1
,
-1
,
-1
,
-1
,
-1
,
-1
,
-1
,
-1
,
-1
,
-1
,
-1
,
-1
,
-1
,
-1
,
-1
,
-1
8,
5,
3,
-1
,
-1
,
-1
,
-1
,
-1
9,
-1
,
-1
,
-1
,
-1
,
-1
,
-1
,
-1
,
-1
,
-1
,
-1
,
-1
,
-1
,
-1
,
-1
,
-1
,
-1
,
-1
,
-1
,
-1
,
-1
8,
5,
3,
-1
,
-1
,
-1
,
-1
,
-1
,
-1
,
-1
,
-1
,
-1
,
-1
,
-1
,
-1
,
-1
,
-1
,
-1
,
-1
,
-1
,
-1
,
-1
,
-1
,
-1
,
-1
4,
2,8,5,1,
-1
,
-1
,
-1
,
-1
,
-1
,
-1
,
-1
,
-1
,
-1
,
-1
,
-1
,
-1
,
-1
,
-1
,
-1
,
-1
,
-1
,
-1
,
-1
,
-1
6,
8,
5,
3,
-1
,
-1
,
-1
,
-1
,
-1
,
-1
,
-1
,
-1
,
-1
,
-1
,
-1
,
-1
,
-1
,
-1
,
-1
,
-1
,
-1
,
-1
,
-1
6,
8,
5,
3,
-1
8,
5,
3,
-1
,
-1
,
-1
,
-1
,
-1
,
-1
,
-1
,
-1
,
-1
,
-1
,
-1
,
-1
,
-1
,
-1
,
-1
4,
2,8,5,1,
-1
,
-1
,
-1
,
-1
,
-1
,
-1
,
-1
,
-1
1,
2,
-1
,
-1
,
-1
,
-1
,
-1
,
-1
,
-1
,
-1
,
-1
,
-1
,
-1
,
-1
,
-1
,
-1
,
-1
,
-1
,
-1
,
-1
,
-1
,
-1
,
-1
,
-1
,
-1
,
-1
,
-1
,
-1
,
-1
,
-1
,
-1
,
-1
,
-1
,
-1
,
-1
,
-1
,
-1
,
-1
,
-1
,
-1
,
-1
9,
-1
,
-1
,
-1
,
-1
,
-1
,
-1
,
-1
,
-1
,
-1
,
-1
,
-1
2,
1,
-1
,
-1
,
-1
,
-1
,
-1
,
-1
,
-1
,
-1
,
-1
,
-1
,
-1
,
-1
,
-1
,
-1
,
-1
,
-1
,
-1
,
-1
,
-1
,
-1
,
-1
,
-1
,
-1
,
-1
,
-1
,
-1
,
-1
,
-1
,
-1
,
-1
,
-1
,
-1
,
-1
1,
2,
-1
,
-1
,
-1
,
-1
,
-1
,
-1
,
-1
,
-1
,
-1
,
-1
,
-1
,
-1
1,
2,
-1
,
-1
,
-1
,
-1
,
-1
,
-1
,
-1
,
-1
,
-1
,
-1
,
-1
,
-1
,
-1
,
-1
,
-1
,
-1
,
-1
,
-1
6,
8,
5,
3,
-1
,
-1
,
-1
,
-1
,
-1
,
-1
,
-1
,
-1
,
-1
,
-1
,
-1
,
-1
,
-1
,
-1
,
-1
6,
8,
5,
3,
-1
,
-1
,
-1
,
-1
,
-1
,
-1
,
-1
,
-1
,
-1
,
-1
,
-1
,
-1
,
-1
,
-1
,
-1
,
-1
,
-1
,
-1
,
-1
,
-1
,
-1
,
-1
,
-1
,
-1
,
-1
,
-1
,
-1
,
-1
,
-1
,
-1
,
-1
,
-1
4,9,
2,8,1,
-1
,
-1
,
-1
,
-1
,
-1
,
-1
,
-1
,
-1
,
-1
,
-1
,
-1
,
-1
,
-1
,
-1
,
-1
,
-1
,
-1
5,
8,
3,
-1
,
-1
,
-1
4,
2,8,5,1,
-1
,
-1
,
-1
,
-1
,
-1
,
-1
,
-1
,
-1
,
-1
,
-1
,
-1
,
-1
,
-1
,
-1
,
-1
,
-1
,
-1
,
-1
,
-1
,
-1
,
-1
,
-1
,
-1
,
-1
,
-1
,
-1
,
-1
,
-1
9,
-1
,
-1
,
-1
,
-1
6,
8,
5,
3,
-1
,
-1
,
-1
,
-1
,
-1
3,
8,5,
-1
,
-1
,
-1
,
-1
,
-1
,
-1
,
-1
,
-1
,
-1
,
-1
,
-1
,
-1
,
-1
,
-1
,
-1
,
-1
2,
1,
-1
5,
8,
3,
-1
,
-1
,
-1
,
-1
,
-1
,
-1
,
-1
,
-1
,
-1
,
-1
,
-1
,
-1
,
-1
,
-1
,
-1
,
-1
,
-1
,
-1
,
-1
,
-1
,
-1
,
-1
,
-1
,
-1
,
-1
,
-1
,
-1
,
-1
,
-1
,
-1
,
-1
,
-1
,
-1
,
-1
,
-1
,
-1
,
-1
,
-1
,
-1
7,
9,
1,
2,
-1
,
-1
,
-1
,
-1
,
-1
,
-1
,
-1
,
-1
,
-1
,
-1
,
-1
,
-1
1,
2,
-1
,
-1
,
-1
,
-1
,
-1
,
-1
9,
-1
,
-1
,
-1
6,
8,
5,
3,
-1
,
-1
8,
5,
3,
-1
,
-1
,
-1
,
-1
,
-1
,
-1
8,
5,
3,
-1
4,
2,8,5,1,
-1
,
-1
,
-1
,
-1
,
-1
,
-1
,
-1
,
-1
,
-1
,
-1
,
-1
,
-1
,
-1
,
-1
,
-1
,
-1
,
-1
,
-1
7,
9,
1,
2,
-1
,
-1
,
-1
,
-1
,
-1
,
-1
,
-1
,
-1
,
-1
,
-1
,
-1
,
-1
,
-1
,
-1
,
-1
,
-1
,
-1
4,
2,8,5,1,
-1
,
-1
,
-1
,
-1
,
-1
,
-1
,
-1
,
-1
,
-1
,
-1
,
-1
,
-1
,
-1
,
-1
,
-1
,
-1
,
-1
,
-1
,
-1
,
-1
,
-1
,
-1
,
-1
,
-1
2,
1,
-1
,
-1
,
-1
,
-1
,
-1
9,
-1
2,
1,
-1
,
-1
,
-1
,
-1
,
-1
,
-1
8,
5,
3,
-1
,
-1
,
-1
,
-1
,
-1
,
-1
,
-1
,
-1
,
-1
,
-1
,
-1
,
-1
,
-1
,
-1
,
-1
,
-1
,
-1
,
-1
,
-1
,
-1
,
-1
,
-1
,
-1
,
-1
,
-1
,
-1
3,
8,5,
-1
,
-1
,
-1
,
-1
,
-1
,
-1
,
-1
,
-1
,
-1
,
-1
,
-1
,
-1
,
-1
,
-1
,
-1
,
-1
,
-1
,
-1
,
-1
,
-1
,
-1
,
-1
,
-1
,
-1
,
-1
,
-1
,
-1
,
-1
5,
8,
3,
-1
,
-1
8,
5,
3,
-1
,
-1
,
-1
,
-1
,
-1
,
-1
,
-1
7,
9,
1,
2,
-1
,
-1
,
-1
,
-1
,
-1
,
-1
,
-1
,
-1
,
-1
,
-1
,
-1
,
-1
,
-1
,
-1
,
-1
,
-1
,
-1
,
-1
,
-1
,
-1
,
-1
,
-1
,
-1
,
-1
,
-1
,
-1
,
-1
3,
8,5,
-1
,
-1
,
-1
,
-1
,
-1
4,
2,8,5,1,
-1
,
-1
,
-1
,
-1
,
-1
,
-1
,
-1
8,
5,
3,
-1
,
-1
,
-1
,
-1
,
-1
,
-1
6,
8,
5,
3,
-1
,
-1
,
-1
,
-1
8,
5,
3,
-1
,
-1
,
-1
,
-1
,
-1
,
-1
,
-1
,
-1
2,8,
1,
-1
,
-1
,
-1
5,
8,
3,
-1
,
-1
,
-1
,
-1
,
-1
,
-1
,
-1
,
-1
,
-1
,
-1
,
-1
,
-1
,
-1
,
-1
,
-1
,
-1
,
-1
6,
8,
5,
3,
-1
,
-1
6,
8,
5,
3,
-1
,
-1
,
-1
1,
2,
-1
7,
9,
1,
2,
-1
,
-1
5,
8,
3,
-1
,
-1
,
-1
,
-1
,
-1
,
-1
,
-1
8,
5,
3,
-1
,
-1
,
-1
,
-1
,
-1
,
-1
,
-1
,
-1
,
-1
,
-1
,
-1
,
-1
,
-1
,
-1
8,
5,
3,
-1
,
-1
,
-1
1,
2,
-1
,
-1
,
-1
,
-1
,
-1
1,
2,
-1
,
-1
,
-1
,
-1
,
-1
,
-1
,
-1
,
-1
,
-1
,
-1
2,
1,
-1
,
-1
6,
8,
5,
3,
-1
,
-1
,
-1
,
-1
,
-1
,
-1
,
-1
,
-1
,
-1
,
-1
,
-1
,
-1
1,
2,
-1
,
-1
,
-1
,
-1
,
-1
9,
-1
,
-1
,
-1
,
-1
,
-1
,
-1
,
-1
6,
8,
5,
3,
-1
5,
8,
3,
-1
,
-1
,
-1
,
-1
,
-1
,
-1
,
-1
,
-1
,
-1
,
-1
,
-1
,
-1
,
-1
,
-1
,
-1
,
-1
,
-1
,
-1
8,
5,
3,
-1
,
-1
,
-1
4,
2,8,5,1,
-1
,
-1
,
-1
,
-1
,
-1
,
-1
,
-1
,
-1
,
-1
,
-1
,
-1
,
-1
,
-1
,
-1
,
-1
,
-1
,
-1
,
-1
,
-1
,
-1
,
-1
,
-1
,
-1
,
-1
,
-1
,
-1
,
-1
,
-1
,
-1
,
-1
,
-1
,
-1
,
-1
5,
8,
3,
-1
,
-1
,
-1
,
-1
,
-1
,
-1
,
-1
,
-1
,
-1
,
-1
,
-1
4,
2,8,5,1,
-1
,
-1
,
-1
,
-1
,
-1
,
-1
,
-1
,
-1
,
-1
,
-1
,
-1
,
-1
6,
8,
5,
3,
-1
,
-1
,
-1
3,
8,5,
-1
,
-1
,
-1
,
-1
,
-1
,
-1
,
-1
,
-1
,
-1
,
-1
,
-1
,
-1
,
-1
5,
8,
3,
-1
,
-1
,
-1
,
-1
,
-1
,
-1
,
-1
,
-1
,
-1
,
-1
,
-1
,
-1
,
-1
,
-1
,
-1
,
-1
,
-1
,
-1
,
-1
,
-1
,
-1
,
-1
8,
5,
3,
-1
,
-1
,
-1
,
-1
,
-1
,
-1
,
-1
8,
5,
3,
-1
,
-1
,
-1
,
-1
,
-1
,
-1
,
-1
,
-1
,
-1
,
-1
,
-1
,
-1
,
-1
,
-1
,
-1
,
-1
,
-1
,
-1
,
-1
9,
-1
,
-1
,
-1
,
-1
,
-1
,
-1
,
-1
,
-1
,
-1
,
-1
,
-1
,
-1
,
-1
,
-1
,
-1
,
-1
,
-1
,
-1
,
-1
,
-1
,
-1
,
-1
,
-1
,
-1
,
-1
,
-1
,
-1
,
-1
,
-1
,
-1
,
-1
,
-1
,
-1
,
-1
,
-1
,
-1
,
-1
,
-1
,
-1
9,
-1
,
-1
,
-1
,
-1
,
-1
,
-1
,
-1
,
-1
,
-1
,
-1
,
-1
,
-1
,
-1
,
-1
,
-1
,
-1
3,
8,5,
-1
,
-1
,
-1
,
-1
,
-1
,
-1
,
-1
,
-1
,
-1
,
-1
,
-1
,
-1
,
-1
,
-1
,
-1
,
-1
,
-1
,
-1
,
-1
,
-1
4,
2,8,5,1,
-1
,
-1
,
-1
,
-1
,
-1
,
-1
1,
2,
-1
,
-1
,
-1
,
-1
,
-1
,
-1
,
-1
,
-1
,
-1
,
-1
,
-1
,
-1
,
-1
4,
2,8,5,1,
-1
,
-1
,
-1
1,
2,
-1
,
-1
,
-1
,
-1
,
-1
,
-1
,
-1
,
-1
,
-1
,
-1
,
-1
,
-1
,
-1
,
-1
,
-1
,
-1
,
-1
,
-1
,
-1
,
-1
,
-1
4,
2,8,5,1,
-1
,
-1
,
-1
,
-1
,
-1
,
-1
6,
8,
5,
3,
-1
,
-1
,
-1
,
-1
,
-1
,
-1
,
-1
,
-1
,
-1
,
-1
,
-1
,
-1
1,2,
-1
,
-1
,
-1
,
-1
6,
8,
5,
3,
-1
,
-1
,
-1
,
-1
,
-1
,
-1
,
-1
,
-1
,
-1
,
-1
,
-1
,
-1
,
-1
,
-1
,
-1
6,
8,
5,
3,
-1
,
-1
,
-1
,
-1
,
-1
,
-1
,
-1
,
-1
,
-1
,
-1
,
-1
,
-1
,
-1
,
-1
,
-1
,
-1
,
-1
,
-1
,
-1
,
-1
,
-1
,
-1
,
-1
,
-1
,
-1
,
-1
3,
8,5,
-1
,
-1
5,
8,
3,
-1
,
-1
,
-1
,
-1
,
-1
,
-1
,
-1
,
-1
,
-1
,
-1
5,
8,
3,
-1
,
-1
,
-1
,
-1
,
-1
,
-1
,
-1
,
-1
,
-1
,
-1
,
-1
,
-1
,
-1
2,
1,
-1
,
-1
,
-1
,
-1
,
-1
5,
8,
3,
-1
,
-1
,
-1
1,
2,
-1
,
-1
5,
8,
3,
-1
,
-1
,
-1
,
-1
,
-1
3,7,
9,
8,
5,
-1
,
-1
,
-1
,
-1
,
-1
,
-1
8,
5,
3,
-1
,
-1
,
-1
,
-1
,
-1
,
-1
1,
2,
-1
4,
2,8,5,1,
-1
5,
8,
3,
-1
,
-1
,
-1
,
-1
,
-1
,
-1
,
-1
,
-1
,
-1
3,
8,5,
-1
4,
2,8,5,1,
-1
,
-1
,
-1
,
-1
1,
2,
-1
,
-1
,
-1
,
-1
,
-1
3,
8,5,
-1
,
-1
,
-1
,
-1
,
-1
,
-1
,
-1
4,
2,8,5,1,
-1
4,
2,8,5,1,
-1
,
-1
,
-1
,
-1
,
-1
,
-1
,
-1
,
-1
4,
2,8,5,1,
-1
,
-1
,
-1
,
-1
,
-1
,
-1
,
-1
,
-1
,
-1
,
-1
,
-1
,
-1
,
-1
4,
2,8,5,1,
-1
,
-1
,
-1
,
-1
,
-1
,
-1
,
-1
,
-1
,
-1
,
-1
8,
5,
3,
-1
,
-1
,
-1
,
-1
,
-1
1,
2,
-1
,
-1
,
-1
,
-1
,
-1
,
-1
,
-1
,
-1
,
-1
,
-1
,
-1
,
-1
,
-1
,
-1
,
-1
,
-1
,
-1
,
-1
,
-1
1,
2,
-1
,
-1
6,
8,
5,
3,
-1
,
-1
,
-1
,
-1
,
-1
,
-1
,
-1
,
-1
,
-1
,
-1
,
-1
8,
5,
3,
-1
,
-1
,
-1
,
-1
,
-1
,
-1
,
-1
,
-1
4,
2,8,5,1,
-1
,
-1
,
-1
,
-1
,
-1
,
-1
5,
8,
3,
-1
,
-1
,
-1
,
-1
,
-1
,
-1
,
-1
,
-1
,
-1
,
-1
,
-1
,
-1
,
-1
,
-1
,
-1
,
-1
1,
2,
-1
,
-1
,
-1
,
-1
,
-1
,
-1
,
-1
,
-1
3,
8,5,
-1
,
-1
,
-1
,
-1
,
-1
,
-1
,
-1
,
-1
,
-1
,
-1
,
-1
,
-1
,
-1
,
-1
,
-1
,
-1
,
-1
,
-1
,
-1
,
-1
,
-1
,
-1
,
-1
,
-1
,
-1
,
-1
,
-1
,
-1
,
-1
,
-1
,
-1
,
-1
,
-1
,
-1
6,
8,
5,
3,
-1
,
-1
,
-1
,
-1
1,
2,
-1
,
-1
,
-1
,
-1
,
-1
,
-1
,
-1
,
-1
,
-1
,
-1
2,
1,
-1
,
-1
,
-1
,
-1
,
-1
,
-1
5,
8,
3,
-1
,
-1
,
-1
,
-1
,
-1
,
-1
,
-1
,
-1
,
-1
,
-1
,
-1
,
-1
,
-1
,
-1
,
-1
,
-1
,
-1
,
-1
,
-1
,
-1
,
-1
,
-1
,
-1
1,
2,
-1
,
-1
,
-1
,
-1
5,
8,
3,
-1
,
-1
,
-1
,
-1
,
-1
,
-1
,
-1
,
-1
,
-1
,
-1
,
-1
,
-1
,
-1
9,
-1
,
-1
,
-1
,
-1
9,
-1
,
-1
,
-1
5,
8,
3,
-1
,
-1
,
-1
,
-1
,
-1
,
-1
,
-1
,
-1
,
-1
,
-1
,
-1
,
-1
,
-1
,
-1
,
-1
,
-1
,
-1
9,
-1
,
-1
,
-1
,
-1
,
-1
,
-1
,
-1
,
-1
,
-1
,
-1
,
-1
,
-1
8,
5,
3,
-1
,
-1
,
-1
,
-1
,
-1
,
-1
,
-1
,
-1
1,
2,
-1
,
-1
6,
8,
5,
3,
-1
5,
8,
3,
-1
,
-1
6,
8,
5,
3,
-1
,
-1
,
-1
,
-1
,
-1
,
-1
,
-1
,
-1
,
-1
7,
9,
1,
2,
-1
,
-1
,
-1
,
-1
,
-1
,
-1
3,
8,5,
-1
,
-1
5,
8,
3,
-1
9,
-1
6,
8,
5,
3,
-1
,
-1
,
-1
,
-1
,
-1
,
-1
7,
9,
1,
2,
-1
,
-1
,
-1
,
-1
,
-1
,
-1
,
-1
1,
2,
-1
,
-1
,
-1
,
-1
,
-1
,
-1
,
-1
,
-1
4,
2,8,5,1,
-1
,
-1
,
-1
,
-1
,
-1
,
-1
3,
8,5,
-1
,
-1
,
-1
,
-1
,
-1
2,
1,
-1
,
-1
,
-1
,
-1
,
-1
,
-1
,
-1
,
-1
,
-1
,
-1
,
-1
,
-1
,
-1
,
-1
,
-1
,
-1
,
-1
,
-1
,
-1
,
-1
,
-1
,
-1
,
-1
,
-1
,
-1
,
-1
,
-1
,
-1
,
-1
,
-1
,
-1
,
-1
,
-1
,
-1
,
-1
,
-1
,
-1
,
-1
,
-1
,
-1
,
-1
,
-1
,
-1
,
-1
,
-1
,
-1
,
-1
,
-1
,
-1
,
-1
,
-1
,
-1
,
-1
,
-1
1,
2,
-1
,
-1
,
-1
,
-1
,
-1
,
-1
,
-1
,
-1
,
-1
,
-1
,
-1
,
-1
,
-1
,
-1
,
-1
,
-1
,
-1
9,
-1
,
-1
,
-1
,
-1
,
-1
,
-1
,
-1
,
-1
,
-1
1,
2,
-1
,
-1
,
-1
,
-1
,
-1
,
-1
,
-1
,
-1
,
-1
,
-1
,
-1
,
-1
,
-1
,
-1
,
-1
,
-1
,
-1
6,
8,
5,
3,
-1
,
-1
,
-1
,
-1
,
-1
,
-1
,
-1
,
-1
,
-1
,
-1
,
-1
,
-1
,
-1
,
-1
,
-1
,
-1
4,5,
2,3,
8,
-1
,
-1
,
-1
,
-1
,
-1
,
-1
,
-1
,
-1
,
-1
,
-1
,
-1
,
-1
,
-1
,
-1
,
-1
,
-1
,
-1
,
-1
,
-1
,
-1
,
-1
,
-1
,
-1
4,
2,8,5,1,
-1
,
-1
,
-1
,
-1
,
-1
8,
5,
3,
-1
,
-1
,
-1
,
-1
,
-1
,
-1
,
-1
,
-1
,
-1
,
-1
,
-1
,
-1
,
-1
,
-1
,
-1
,
-1
,
-1
,
-1
5,
8,
3,
-1
,
-1
,
-1
5,
8,
3,
-1
,
-1
,
-1
,
-1
,
-1
,
-1
,
-1
,
-1
,
-1
,
-1
,
-1
,
-1
1,
2,
-1
,
-1
,
-1
,
-1
,
-1
,
-1
,
-1
,
-1
,
-1
,
-1
,
-1
,
-1
,
-1
,
-1
,
-1
,
-1
,
-1
,
-1
,
-1
,
-1
,
-1
,
-1
,
-1
,
-1
,
-1
5,
8,
3,
-1
,
-1
,
-1
3,
8,5,
-1
,
-1
,
-1
,
-1
,
-1
,
-1
,
-1
,
-1
,
-1
,
-1
,
-1
,
-1
,
-1
,
-1
,
-1
,
-1
,
-1
,
-1
,
-1
,
-1
,
-1
,
-1
,
-1
,
-1
,
-1
,
-1
,
-1
,
-1
9,
-1
,
-1
,
-1
,
-1
,
-1
,
-1
,
-1
,
-1
,
-1
,
-1
,
-1
,
-1
,
-1
,
-1
,
-1
,
-1
,
-1
,
-1
,
-1
1,
2,
-1
,
-1
,
-1
,
-1
,
-1
,
-1
,
-1
,
-1
,
-1
,
-1
,
-1
,
-1
,
-1
1,
2,
-1
,
-1
,
-1
,
-1
1,
2,
-1
,
-1
,
-1
,
-1
,
-1
,
-1
,
-1
,
-1
,
-1
,
-1
4,
2,8,5,1,
-1
,
-1
,
-1
,
-1
,
-1
,
-1
,
-1
,
-1
,
-1
,
-1
,
-1
,
-1
,
-1
,
-1
,
-1
,
-1
,
-1
,
-1
,
-1
,
-1
,
-1
,
-1
,
-1
,
-1
,
-1
,
-1
,
-1
3,
8,5,
-1
,
-1
,
-1
,
-1
,
-1
,
-1
,
-1
,
-1
5,
8,
3,
-1
4,
2,8,5,1,
-1
,
-1
,
-1
,
-1
,
-1
,
-1
,
-1
,
-1
,
-1
,
-1
,
-1
,
-1
,
-1
,
-1
,
-1
,
-1
,
-1
,
-1
,
-1
,
-1
,
-1
,
-1
3,
8,5,
-1
,
-1
,
-1
,
-1
,
-1
,
-1
,
-1
,
-1
,
-1
9,
-1
,
-1
,
-1
,
-1
7,
9,
1,
2,
-1
,
-1
,
-1
,
-1
,
-1
,
-1
,
-1
,
-1
,
-1
,
-1
,
-1
8,
5,
3,
-1
,
-1
1,
2,
-1
,
-1
,
-1
,
-1
,
-1
,
-1
,
-1
,
-1
9,
-1
,
-1
,
-1
,
-1
,
-1
,
-1
,
-1
,
-1
,
-1
,
-1
,
-1
,
-1
,
-1
,
-1
4,
2,8,5,1,
-1
3,
8,5,
-1
,
-1
,
-1
,
-1
,
-1
,
-1
,
-1
,
-1
,
-1
,
-1
,
-1
,
-1
,
-1
,
-1
,
-1
,
-1
,
-1
,
-1
,
-1
,
-1
,
-1
,
-1
,
-1
,
-1
,
-1
,
-1
,
-1
,
-1
,
-1
,
-1
,
-1
,
-1
7,
9,
1,
2,
-1
,
-1
,
-1
,
-1
2,
1,
-1
,
-1
,
-1
,
-1
,
-1
,
-1
,
-1
,
-1
,
-1
,
-1
,
-1
,
-1
,
-1
,
-1
,
-1
,
-1
,
-1
,
-1
,
-1
,
-1
,
-1
,
-1
,
-1
,
-1
,
-1
,
-1
,
-1
,
-1
,
-1
,
-1
6,
8,
5,
3,
-1
,
-1
,
-1
3,
8,5,
-1
,
-1
,
-1
,
-1
,
-1
,
-1
,
-1
,
-1
,
-1
,
-1
,
-1
,
-1
,
-1
,
-1
5,
8,
3,
-1
5,
8,
3,
-1
7,
9,
1,
2,
-1
,
-1
,
-1
,
-1
,
-1
,
-1
,
-1
,
-1
,
-1
,
-1
1,
2,
-1
,
-1
,
-1
,
-1
,
-1
,
-1
,
-1
,
-1
,
-1
,
-1
,
-1
,
-1
,
-1
,
-1
,
-1
,
-1
,
-1
,
-1
4,
2,8,5,1,
-1
,
-1
,
-1
,
-1
,
-1
,
-1
,
-1
,
-1
,
-1
,
-1
,
-1
,
-1
,
-1
,
-1
,
-1
,
-1
,
-1
,
-1
8,
5,
3,
-1
,
-1
,
-1
,
-1
,
-1
2,
1,
-1
,
-1
,
-1
,
-1
,
-1
,
-1
,
-1
,
-1
,
-1
,
-1
,
-1
,
-1
,
-1
,
-1
,
-1
9,
-1
,
-1
,
-1
,
-1
,
-1
,
-1
,
-1
,
-1
,
-1
,
-1
,
-1
,
-1
,
-1
,
-1
,
-1
2,
1,
-1
,
-1
,
-1
,
-1
,
-1
,
-1
,
-1
,
-1
,
-1
,
-1
,
-1
,
-1
,
-1
,
-1
,
-1
,
-1
,
-1
,
-1
,
-1
,
-1
,
-1
,
-1
,
-1
,
-1
,
-1
,
-1
,
-1
,
-1
,
-1
,
-1
,
-1
,
-1
5,
8,
3,
-1
,
-1
,
-1
,
-1
,
-1
,
-1
,
-1
,
-1
,
-1
,
-1
,
-1
,
-1
,
-1
,
-1
,
-1
3,
8,5,
-1
,
-1
,
-1
,
-1
,
-1
,
-1
,
-1
,
-1
,
-1
,
-1
,
-1
,
-1
,
-1
,
-1
,
-1
,
-1
,
-1
,
-1
,
-1
5,
8,
3,
-1
,
-1
6,
8,
5,
3,
-1
,
-1
,
-1
,
-1
,
-1
,
-1
,
-1
2,
1,
-1
1,
2,
-1
,
-1
,
-1
,
-1
,
-1
,
-1
,
-1
,
-1
,
-1
9,
-1
,
-1
,
-1
,
-1
,
-1
,
-1
,
-1
,
-1
,
-1
,
-1
,
-1
,
-1
,
-1
,
-1
,
-1
,
-1
3,8,
5,
-1
,
-1
,
-1
7,
9,
1,
2,
-1
,
-1
,
-1
,
-1
6,
8,
5,
3,
-1
,
-1
,
-1
,
-1
9,
-1
,
-1
,
-1
,
-1
,
-1
,
-1
,
-1
,
-1
,
-1
,
-1
,
-1
,
-1
,
-1
,
-1
,
-1
,
-1
,
-1
,
-1
,
-1
,
-1
2,
1,
-1
,
-1
,
-1
,
-1
,
-1
,
-1
,
-1
,
-1
,
-1
,
-1
,
-1
,
-1
,
-1
,
-1
,
-1
,
-1
,
-1
,
-1
,
-1
,
-1
,
-1
,
-1
,
-1
,
-1
,
-1
,
-1
,
-1
,
-1
,
-1
,
-1
,
-1
,
-1
7,
9,
1,
2,
-1
,
-1
,
-1
,
-1
,
-1
,
-1
,
-1
,
-1
,
-1
,
-1
,
-1
,
-1
,
-1
,
-1
,
-1
,
-1
,
-1
,
-1
,
-1
,
-1
,
-1
,
-1
,
-1
,
-1
,
-1
,
-1
,
-1
,
-1
,
-1
,
-1
1,
2,
-1
,
-1
,
-1
,
-1
2,
1,
-1
,
-1
,
-1
,
-1
,
-1
,
-1
,
-1
,
-1
,
-1
,
-1
,
-1
,
-1
,
-1
,
-1
,
-1
,
-1
,
-1
,
-1
,
-1
,
-1
,
-1
1,
2,
-1
4,
2,8,5,1,
-1
,
-1
,
-1
,
-1
,
-1
,
-1
,
-1
9,
-1
,
-1
,
-1
,
-1
,
-1
,
-1
,
-1
,
-1
,
-1
,
-1
,
-1
,
-1
8,
5,
3,
-1
,
-1
,
-1
,
-1
,
-1
,
-1
,
-1
,
-1
,
-1
,
-1
,
-1
7,
9,
1,
2,
-1
,
-1
,
-1
,
-1
,
-1
,
-1
,
-1
,
-1
,
-1
,
-1
,
-1
8,
5,
3,
-1
,
-1
,
-1
,
-1
,
-1
,
-1
,
-1
,
-1
,
-1
,
-1
,
-1
,
-1
,
-1
,
-1
,
-1
,
-1
,
-1
,
-1
,
-1
,
-1
,
-1
,
-1
,
-1
,
-1
,
-1
,
-1
,
-1
9,
-1
,
-1
8,
5,
3,
-1
4,
2,8,5,1,
-1
,
-1
,
-1
,
-1
,
-1
,
-1
,
-1
,
-1
,
-1
,
-1
,
-1
,
-1
,
-1
,
-1
,
-1
,
-1
,
-1
,
-1
,
-1
,
-1
,
-1
,
-1
,
-1
,
-1
,
-1
,
-1
,
-1
,
-1
,
-1
,
-1
9,
-1
,
-1
,
-1
,
-1
,
-1
,
-1
,
-1
,
-1
,
-1
,
-1
,
-1
,
-1
,
-1
,
-1
,
-1
,
-1
,
-1
,
-1
,
-1
,
-1
,
-1
,
-1
,
-1
,
-1
,
-1
,
-1
9,
-1
5,
8,
3,
-1
,
-1
,
-1
,
-1
,
-1
,
-1
,
-1
8,
5,
3,
-1
9,
-1
,
-1
,
-1
,
-1
,
-1
,
-1
,
-1
,
-1
,
-1
,
-1
,
-1
,
-1
,
-1
,
-1
,
-1
,
-1
,
-1
,
-1
,
-1
,
-1
,
-1
3,
8,5,
-1
,
-1
7,
9,
1,
2,
-1
,
-1
,
-1
2,
1,
-1
7,
9,
1,
2,
-1
,
-1
,
-1
,
-1
,
-1
,
-1
,
-1
,
-1
,
-1
,
-1
,
-1
4,
2,8,5,1,
-1
,
-1
,
-1
,
-1
,
-1
,
-1
,
-1
,
-1
,
-1
,
-1
,
-1
1,
2,
-1
,
-1
,
-1
,
-1
,
-1
,
-1
,
-1
,
-1
,
-1
,
-1
,
-1
,
-1
,
-1
,
-1
,
-1
,
-1
,
-1
,
-1
,
-1
,
-1
,
-1
,
-1
,
-1
,
-1
,
-1
,
-1
3,
8,5,
-1
,
-1
,
-1
,
-1
,
-1
,
-1
,
-1
,
-1
,
-1
,
-1
7,
9,
1,
2,
-1
,
-1
,
-1
,
-1
,
-1
,
-1
,
-1
,
-1
,
-1
,
-1
,
-1
5,
8,
3,
-1
,
-1
,
-1
,
-1
,
-1
,
-1
,
-1
,
-1
,
-1
,
-1
,
-1
,
-1
,
-1
,
-1
,
-1
,
-1
,
-1
,
-1
,
-1
,
-1
,
-1
,
-1
3,
8,5,
-1
,
-1
,
-1
4,
2,8,5,1,
-1
,
-1
,
-1
,
-1
,
-1
,
-1
,
-1
,
-1
,
-1
7,
9,
1,
2,
-1
,
-1
,
-1
,
-1
,
-1
,
-1
,
-1
,
-1
,
-1
,
-1
,
-1
,
-1
,
-1
,
-1
,
-1
,
-1
,
-1
,
-1
,
-1
,
-1
,
-1
,
-1
,
-1
,
-1
,
-1
,
-1
,
-1
,
-1
,
-1
,
-1
,
-1
,
-1
,
-1
,
-1
,
-1
,
-1
,
-1
,
-1
,
-1
6,
8,
5,
3,
-1
,
-1
,
-1
,
-1
,
-1
,
-1
,
-1
,
-1
,
-1
,
-1
,
-1
,
-1
,
-1
,
-1
,
-1
,
-1
,
-1
,
-1
,
-1
2,
1,
-1
,
-1
,
-1
,
-1
,
-1
,
-1
,
-1
,
-1
,
-1
,
-1
,
-1
,
-1
,
-1
,
-1
,
-1
,
-1
,
-1
,
-1
,
-1
,
-1
,
-1
,
-1
,
-1
,
-1
,
-1
,
-1
,
-1
,
-1
,
-1
,
-1
,
-1
,
-1
,
-1
,
-1
,
-1
,
-1
,
-1
,
-1
,
-1
,
-1
,
-1
,
-1
,
-1
,
-1
,
-1
,
-1
,
-1
,
-1
8,
5,
3,
-1
,
-1
,
-1
,
-1
7,
9,
1,
2,
-1
,
-1
,
-1
,
-1
,
-1
,
-1
,
-1
,
-1
,
-1
,
-1
,
-1
2,
1,
-1
,
-1
,
-1
,
-1
1,
2,
-1
,
-1
,
-1
,
-1
,
-1
,
-1
,
-1
,
-1
,
-1
,
-1
,
-1
,
-1
,
-1
1,
2,
-1
,
-1
,
-1
,
-1
,
-1
,
-1
,
-1
,
-1
1,
2,
-1
,
-1
,
-1
,
-1
,
-1
3,7,
9,
8,
5,
-1
,
-1
,
-1
,
-1
,
-1
,
-1
,
-1
,
-1
,
-1
,
-1
,
-1
,
-1
,
-1
,
-1
4,
2,8,5,1,
-1
,
-1
,
-1
,
-1
,
-1
,
-1
,
-1
,
-1
8,
5,
3,
-1
,
-1
,
-1
,
-1
,
-1
,
-1
,
-1
,
-1
,
-1
,
-1
,
-1
,
-1
3,
8,5,
-1
,
-1
,
-1
,
-1
,
-1
,
-1
,
-1
,
-1
,
-1
,
-1
,
-1
,
-1
5,
8,
3,
-1
,
-1
,
-1
,
-1
,
-1
,
-1
,
-1
,
-1
,
-1
,
-1
,
-1
9,
-1
6,
8,
5,
3,
-1
,
-1
,
-1
,
-1
,
-1
1,
2,
-1
1,
2,
-1
,
-1
,
-1
,
-1
9,
-1
,
-1
,
-1
,
-1
8,9,
5,
3,
-1
,
-1
,
-1
,
-1
,
-1
,
-1
,
-1
,
-1
,
-1
,
-1
,
-1
,
-1
,
-1
,
-1
2,
1,
-1
,
-1
,
-1
,
-1
,
-1
5,
8,
3,
-1
,
-1
,
-1
,
-1
,
-1
,
-1
,
-1
,
-1
,
-1
,
-1
5,
8,
3,
-1
,
-1
,
-1
,
-1
,
-1
,
-1
,
-1
,
-1
,
-1
,
-1
,
-1
,
-1
,
-1
,
-1
,
-1
,
-1
,
-1
2,
1,
-1
,
-1
8,
5,
3,
-1
,
-1
,
-1
,
-1
,
-1
,
-1
,
-1
,
-1
,
-1
,
-1
,
-1
,
-1
,
-1
,
-1
,
-1
,
-1
,
-1
,
-1
,
-1
,
-1
,
-1
,
-1
,
-1
,
-1
,
-1
6,
8,
5,
3,
-1
,
-1
,
-1
,
-1
,
-1
,
-1
,
-1
,
-1
,
-1
7,
9,
1,
2,
-1
,
-1
4,8,
5,
2,3,
-1
,
-1
7,
9,
1,
2,
-1
,
-1
,
-1
,
-1
,
-1
,
-1
,
-1
,
-1
,
-1
,
-1
,
-1
,
-1
,
-1
,
-1
,
-1
,
-1
,
-1
,
-1
,
-1
,
-1
,
-1
,
-1
,
-1
,
-1
,
-1
,
-1
,
-1
,
-1
,
-1
,
-1
,
-1
,
-1
,
-1
,
-1
,
-1
,
-1
,
-1
,
-1
,
-1
,
-1
,
-1
,
-1
,
-1
7,
9,
1,
2,
-1
,
-1
,
-1
,
-1
,
-1
,
-1
,
-1
,
-1
,
-1
,
-1
,
-1
,
-1
,
-1
,
-1
1,
2,
-1
,
-1
,
-1
,
-1
,
-1
,
-1
,
-1
9,
-1
,
-1
6,
8,
5,
3,
-1
,
-1
,
-1
,
-1
,
-1
,
-1
,
-1
,
-1
,
-1
6,
8,
5,
3,
-1
,
-1
,
-1
8,
5,
3,
-1
,
-1
,
-1
,
-1
8,
5,
3,
-1
,
-1
,
-1
,
-1
,
-1
,
-1
,
-1
7,
9,
1,
2,
-1
,
-1
,
-1
,
-1
,
-1
,
-1
,
-1
,
-1
4,
2,8,5,1,
-1
,
-1
9,
-1
,
-1
,
-1
4,
2,8,5,1,
-1
,
-1
,
-1
,
-1
,
-1
,
-1
2,
1,
-1
4,
2,8,5,1,
-1
,
-1
,
-1
,
-1
,
-1
,
-1
,
-1
,
-1
,
-1
1,
2,
-1
,
-1
,
-1
,
-1
,
-1
,
-1
,
-1
,
-1
,
-1
,
-1
,
-1
,
-1
,
-1
,
-1
9,
-1
,
-1
,
-1
,
-1
,
-1
,
-1
,
-1
4,
2,8,5,1,
-1
,
-1
,
-1
,
-1
,
-1
,
-1
,
-1
,
-1
,
-1
,
-1
,
-1
,
-1
,
-1
,
-1
,
-1
,
-1
,
-1
,
-1
,
-1
,
-1
,
-1
9,
-1
,
-1
,
-1
,
-1
,
-1
,
-1
,
-1
,
-1
,
-1
,
-1
5,
8,
3,
-1
,
-1
,
-1
,
-1
,
-1
,
-1
,
-1
,
-1
,
-1
,
-1
,
-1
5,
8,
3,
-1
,
-1
,
-1
2,
1,
-1
,
-1
,
-1
,
-1
,
-1
,
-1
,
-1
,
-1
,
-1
,
-1
,
-1
,
-1
,
-1
2,
1,
-1
,
-1
,
-1
,
-1
5,
8,
3,
-1
,
-1
,
-1
1,
2,
-1
,
-1
,
-1
,
-1
,
-1
,
-1
,
-1
,
-1
,
-1
,
-1
,
-1
,
-1
7,
9,
1,
2,
-1
,
-1
,
-1
,
-1
,
-1
,
-1
,
-1
,
-1
,
-1
,
-1
,
-1
,
-1
,
-1
,
-1
,
-1
,
-1
,
-1
,
-1
3,
8,5,
-1
,
-1
,
-1
,
-1
8,
5,
3,
-1
,
-1
,
-1
,
-1
,
-1
,
-1
,
-1
,
-1
,
-1
3,
8,5,
-1
7,
9,
1,
2,
-1
,
-1
,
-1
,
-1
,
-1
,
-1
7,
9,
1,
2,
-1
,
-1
,
-1
,
-1
,
-1
,
-1
,
-1
,
-1
,
-1
,
-1
3,5,
8,
-1
,
-1
,
-1
,
-1
,
-1
,
-1
,
-1
,
-1
,
-1
,
-1
,
-1
,
-1
,
-1
,
-1
,
-1
,
-1
,
-1
,
-1
,
-1
,
-1
,
-1
,
-1
,
-1
,
-1
2,
1,
-1
,
-1
,
-1
,
-1
,
-1
,
-1
,
-1
8,
5,
3,
-1
,
-1
,
-1
,
-1
5,
8,
3,
-1
,
-1
,
-1
,
-1
,
-1
,
-1
,
-1
,
-1
,
-1
,
-1
,
-1
,
-1
,
-1
,
-1
,
-1
,
-1
,
-1
,
-1
,
-1
,
-1
,
-1
,
-1
,
-1
,
-1
,
-1
,
-1
4,
2,8,5,1,
-1
,
-1
,
-1
,
-1
,
-1
,
-1
,
-1
,
-1
,
-1
,
-1
,
-1
,
-1
,
-1
,
-1
,
-1
,
-1
,
-1
,
-1
,
-1
,
-1
,
-1
,
-1
,
-1
,
-1
,
-1
,
-1
,
-1
3,
8,5,
-1
,
-1
,
-1
,
-1
,
-1
,
-1
,
-1
,
-1
9,
-1
,
-1
,
-1
7,
9,
1,
2,
-1
,
-1
,
-1
,
-1
4,
2,8,5,1,
-1
8,
5,
3,
-1
,
-1
,
-1
,
-1
,
-1
,
-1
,
-1
,
-1
,
-1
,
-1
,
-1
,
-1
,
-1
,
-1
,
-1
,
-1
,
-1
4,
2,8,5,1,
-1
,
-1
,
-1
,
-1
,
-1
6,
8,
5,
3,
-1
,
-1
,
-1
,
-1
,
-1
,
-1
,
-1
,
-1
,
-1
,
-1
,
-1
,
-1
,
-1
,
-1
,
-1
,
-1
,
-1
,
-1
,
-1
,
-1
,
-1
,
-1
,
-1
,
-1
,
-1
,
-1
,
-1
,
-1
,
-1
,
-1
,
-1
,
-1
,
-1
,
-1
,
-1
,
-1
,
-1
,
-1
,
-1
,
-1
,
-1
,
-1
,
-1
,
-1
,
-1
,
-1
,
-1
2,
1,
-1
,
-1
2,
1,
-1
,
-1
,
-1
,
-1
,
-1
,
-1
,
-1
,
-1
,
-1
,
-1
,
-1
,
-1
,
-1
2,
1,
-1
,
-1
,
-1
,
-1
,
-1
,
-1
,
-1
,
-1
,
-1
,
-1
,
-1
,
-1
,
-1
,
-1
,
-1
,
-1
,
-1
,
-1
6,
8,
5,
3,
-1
,
-1
,
-1
,
-1
,
-1
,
-1
,
-1
7,
9,
1,
2,
-1
8,
5,
3,
-1
,
-1
,
-1
,
-1
,
-1
,
-1
,
-1
,
-1
,
-1
,
-1
,
-1
4,
2,8,5,1,
-1
,
-1
,
-1
,
-1
,
-1
,
-1
,
-1
,
-1
,
-1
,
-1
6,
8,
5,
3,
-1
1,
2,
-1
,
-1
,
-1
,
-1
,
-1
,
-1
,
-1
,
-1
,
-1
,
-1
,
-1
,
-1
,
-1
,
-1
,
-1
,
-1
,
-1
,
-1
,
-1
,
-1
,
-1
,
-1
,
-1
,
-1
,
-1
,
-1
1,
2,
-1
,
-1
,
-1
,
-1
,
-1
6,
8,
5,
3,
-1
,
-1
,
-1
,
-1
,
-1
,
-1
,
-1
,
-1
,
-1
,
-1
,
-1
,
-1
,
-1
,
-1
,
-1
,
-1
,
-1
8,
5,
3,
-1
,
-1
6,
8,
5,
3,
-1
,
-1
,
-1
,
-1
4,
2,8,5,1,
-1
,
-1
,
-1
,
-1
,
-1
,
-1
,
-1
,
-1
,
-1
,
-1
,
-1
,
-1
,
-1
,
-1
,
-1
,
-1
,
-1
,
-1
,
-1
,
-1
,
-1
8,
5,
3,
-1
,
-1
1,
2,
-1
,
-1
,
-1
,
-1
,
-1
,
-1
7,
9,
1,
2,
-1
,
-1
,
-1
,
-1
,
-1
,
-1
,
-1
,
-1
,
-1
,
-1
3,
8,5,
-1
,
-1
,
-1
,
-1
,
-1
,
-1
1,
2,
-1
,
-1
,
-1
3,
8,5,
-1
8,
5,
3,
-1
,
-1
,
-1
,
-1
,
-1
,
-1
,
-1
,
-1
,
-1
,
-1
,
-1
,
-1
,
-1
,
-1
,
-1
,
-1
,
-1
,
-1
,
-1
,
-1
,
-1
,
-1
,
-1
,
-1
,
-1
,
-1
,
-1
,
-1
,
-1
,
-1
,
-1
1,
2,
-1
,
-1
,
-1
,
-1
7,
9,
1,
2,
-1
,
-1
,
-1
,
-1
,
-1
9,
-1
,
-1
,
-1
,
-1
,
-1
,
-1
,
-1
,
-1
,
-1
,
-1
3,
8,5,
-1
,
-1
,
-1
,
-1
,
-1
,
-1
,
-1
,
-1
,
-1
,
-1
,
-1
,
-1
,
-1
,
-1
,
-1
,
-1
,
-1
,
-1
,
-1
,
-1
,
-1
,
-1
,
-1
,
-1
,
-1
,
-1
,
-1
,
-1
,
-1
3,
8,5,
-1
,
-1
,
-1
,
-1
,
-1
7,
9,
1,
2,
-1
,
-1
4,
2,8,5,1,
-1
,
-1
3,
8,5,
-1
,
-1
,
-1
,
-1
,
-1
,
-1
,
-1
,
-1
,
-1
1,
2,
-1
,
-1
,
-1
,
-1
,
-1
,
-1
8,
5,
3,
-1
,
-1
,
-1
,
-1
8,
5,
3,
-1
,
-1
,
-1
,
-1
,
-1
,
-1
,
-1
,
-1
7,9,
1,
2,
-1
,
-1
,
-1
,
-1
,
-1
,
-1
,
-1
,
-1
,
-1
,
-1
,
-1
,
-1
,
-1
,
-1
2,
1,
-1
6,
8,
5,
3,
-1
,
-1
,
-1
,
-1
,
-1
,
-1
,
-1
,
-1
,
-1
,
-1
,
-1
6,
8,
5,
3,
-1
,
-1
,
-1
,
-1
,
-1
,
-1
,
-1
,
-1
,
-1
,
-1
,
-1
,
-1
,
-1
,
-1
,
-1
,
-1
,
-1
,
-1
4,
2,8,5,1,
-1
,
-1
,
-1
,
-1
,
-1
,
-1
,
-1
,
-1
,
-1
5,
8,
3,
-1
,
-1
,
-1
,
-1
,
-1
,
-1
,
-1
5,
8,
3,
-1
,
-1
,
-1
,
-1
,
-1
,
-1
,
-1
9,
-1
,
-1
,
-1
,
-1
,
-1
,
-1
,
-1
,
-1
,
-1
,
-1
,
-1
,
-1
,
-1
,
-1
,
-1
,
-1
,
-1
,
-1
,
-1
,
-1
,
-1
,
-1
8,
5,
3,
-1
,
-1
9,
-1
,
-1
,
-1
,
-1
,
-1
,
-1
1,
2,
-1
,
-1
,
-1
,
-1
,
-1
,
-1
,
-1
,
-1
,
-1
,
-1
,
-1
,
-1
,
-1
,
-1
,
-1
,
-1
,
-1
2,
1,
-1
,
-1
,
-1
,
-1
,
-1
,
-1
,
-1
,
-1
,
-1
,
-1
,
-1
,
-1
,
-1
,
-1
,
-1
,
-1
,
-1
2,
1,
-1
,
-1
,
-1
,
-1
,
-1
,
-1
,
-1
,
-1
,
-1
,
-1
,
-1
,
-1
,
-1
,
-1
,
-1
,
-1
,
-1
,
-1
6,
8,
5,
3,
-1
,
-1
,
-1
,
-1
,
-1
,
-1
,
-1
,
-1
,
-1
,
-1
,
-1
,
-1
,
-1
,
-1
,
-1
,
-1
,
-1
,
-1
,
-1
,
-1
,
-1
,
-1
,
-1
,
-1
,
-1
,
-1
,
-1
,
-1
,
-1
,
-1
,
-1
,
-1
9,
-1
,
-1
,
-1
,
-1
,
-1
,
-1
,
-1
,
-1
,
-1
1,
2,
-1
,
-1
5,
8,
3,
-1
,
-1
,
-1
,
-1
,
-1
,
-1
,
-1
,
-1
,
-1
,
-1
,
-1
,
-1
,
-1
,
-1
,
-1
,
-1
,
-1
,
-1
,
-1
,
-1
,
-1
,
-1
,
-1
,
-1
,
-1
,
-1
,
-1
,
-1
,
-1
,
-1
,
-1
,
-1
,
-1
2,
1,
-1
,
-1
,
-1
,
-1
,
-1
,
-1
,
-1
,
-1
,
-1
,
-1
,
-1
,
-1
,
-1
,
-1
,
-1
,
-1
,
-1
,
-1
,
-1
,
-1
,
-1
,
-1
,
-1
,
-1
,
-1
,
-1
,
-1
,
-1
,
-1
,
-1
,
-1
,
-1
,
-1
,
-1
,
-1
,
-1
,
-1
,
-1
,
-1
,
-1
,
-1
,
-1
,
-1
,
-1
,
-1
,
-1
,
-1
,
-1
,
-1
,
-1
,
-1
,
-1
,
-1
,
-1
,
-1
,
-1
,
-1
9,
-1
,
-1
4,
2,8,5,1,
-1
,
-1
,
-1
,
-1
,
-1
,
-1
,
-1
,
-1
,
-1
,
-1
,
-1
,
-1
,
-1
,
-1
,
-1
,
-1
,
-1
,
-1
,
-1
,
-1
,
-1
,
-1
,
-1
,
-1
,
-1
,
-1
,
-1
,
-1
7,
9,
1,
2,
-1
,
-1
,
-1
,
-1
,
-1
,
-1
,
-1
,
-1
,
-1
2,
1,
-1
,
-1
,
-1
,
-1
,
-1
,
-1
,
-1
,
-1
,
-1
,
-1
,
-1
,
-1
,
-1
,
-1
,
-1
,
-1
,
-1
,
-1
,
-1
,
-1
,
-1
3,
8,5,
-1
,
-1
,
-1
,
-1
,
-1
,
-1
,
-1
,
-1
,
-1
,
-1
,
-1
,
-1
,
-1
,
-1
,
-1
,
-1
,
-1
,
-1
,
-1
,
-1
,
-1
,
-1
,
-1
,
-1
,
-1
,
-1
,
-1
,
-1
,
-1
,
-1
,
-1
,
-1
,
-1
,
-1
,
-1
,
-1
,
-1
,
-1
,
-1
,
-1
,
-1
,
-1
,
-1
,
-1
,
-1
3,
8,5,
-1
,
-1
,
-1
,
-1
,
-1
,
-1
,
-1
5,
8,
3,
-1
,
-1
,
-1
,
-1
,
-1
,
-1
,
-1
,
-1
,
-1
,
-1
,
-1
,
-1
,
-1
,
-1
,
-1
,
-1
,
-1
,
-1
,
-1
,
-1
8,
5,
3,
-1
,
-1
,
-1
8,
5,
3,
-1
,
-1
,
-1
8,
5,
3,
-1
,
-1
,
-1
,
-1
,
-1
,
-1
,
-1
,
-1
,
-1
7,
9,
1,
2,
-1
,
-1
,
-1
,
-1
,
-1
,
-1
,
-1
,
-1
,
-1
,
-1
,
-1
9,
-1
,
-1
,
-1
,
-1
,
-1
7,
9,
1,
2,
-1
,
-1
,
-1
,
-1
,
-1
,
-1
,
-1
7,
9,
1,
2,
-1
8,
5,
3,
-1
,
-1
,
-1
,
-1
,
-1
,
-1
,
-1
,
-1
,
-1
,
-1
,
-1
,
-1
,
-1
,
-1
,
-1
,
-1
,
-1
,
-1
,
-1
,
-1
4,
2,8,5,1,
-1
,
-1
,
-1
2,
1,
-1
,
-1
,
-1
,
-1
,
-1
,
-1
,
-1
,
-1
,
-1
,
-1
,
-1
,
-1
,
-1
,
-1
,
-1
,
-1
,
-1
,
-1
,
-1
,
-1
,
-1
,
-1
,
-1
,
-1
,
-1
,
-1
,
-1
,
-1
,
-1
,
-1
,
-1
,
-1
,
-1
,
-1
,
-1
,
-1
,
-1
,
-1
4,
2,8,5,1,
-1
,
-1
2,
1,
-1
,
-1
,
-1
,
-1
,
-1
,
-1
,
-1
,
-1
,
-1
,
-1
,
-1
7,
9,
1,
2,
-1
8,
5,
3,
-1
,
-1
2,
1,
-1
,
-1
,
-1
,
-1
,
-1
,
-1
,
-1
,
-1
,
-1
,
-1
,
-1
,
-1
7,
9,
1,
2,
-1
,
-1
,
-1
,
-1
,
-1
,
-1
,
-1
,
-1
,
-1
,
-1
,
-1
,
-1
,
-1
,
-1
3,6,
8,5,
-1
,
-1
3,
8,5,
-1
,
-1
,
-1
,
-1
,
-1
,
-1
,
-1
,
-1
,
-1
,
-1
,
-1
3,
8,5,
-1
,
-1
,
-1
,
-1
,
-1
,
-1
,
-1
,
-1
,
-1
,
-1
4,
2,8,5,1,
-1
,
-1
,
-1
,
-1
,
-1
9,
-1
,
-1
,
-1
,
-1
,
-1
,
-1
,
-1
,
-1
,
-1
,
-1
,
-1
,
-1
,
-1
,
-1
,
-1
,
-1
,
-1
,
-1
,
-1
,
-1
,
-1
,
-1
,
-1
,
-1
,
-1
,
-1
,
-1
,
-1
,
-1
,
-1
,
-1
,
-1
,
-1
,
-1
,
-1
,
-1
,
-1
,
-1
,
-1
,
-1
,
-1
,
-1
,
-1
,
-1
,
-1
,
-1
,
-1
,
-1
,
-1
,
-1
,
-1
,
-1
,
-1
,
-1
8,
5,
3,
-1
,
-1
,
-1
,
-1
,
-1
,
-1
,
-1
,
-1
,
-1
,
-1
6,
8,
5,
3,
-1
,
-1
5,
8,
3,
-1
,
-1
,
-1
,
-1
,
-1
,
-1
,
-1
,
-1
,
-1
5,
8,
3,
-1
,
-1
,
-1
6,
8,
5,
3,
-1
,
-1
,
-1
,
-1
,
-1
,
-1
,
-1
4,
2,8,5,1,
-1
,
-1
,
-1
,
-1
,
-1
,
-1
,
-1
3,
8,5,
-1
,
-1
,
-1
,
-1
,
-1
,
-1
,
-1
,
-1
,
-1
,
-1
7,
9,
1,
2,
-1
,
-1
,
-1
,
-1
,
-1
,
-1
,
-1
,
-1
5,
8,
3,
-1
,
-1
,
-1
,
-1
,
-1
,
-1
,
-1
,
-1
,
-1
,
-1
,
-1
,
-1
,
-1
,
-1
,
-1
,
-1
,
-1
,
-1
,
-1
,
-1
,
-1
,
-1
,
-1
,
-1
,
-1
,
-1
,
-1
,
-1
2,
1,
-1
,
-1
,
-1
,
-1
,
-1
,
-1
,
-1
,
-1
,
-1
,
-1
,
-1
,
-1
,
-1
,
-1
7,
9,
1,
2,
-1
,
-1
,
-1
,
-1
,
-1
9,
-1
,
-1
,
-1
,
-1
,
-1
,
-1
,
-1
,
-1
,
-1
,
-1
,
-1
,
-1
,
-1
,
-1
,
-1
,
-1
,
-1
4,
2,8,5,1,
-1
,
-1
,
-1
4,
2,8,5,1,
-1
,
-1
,
-1
,
-1
,
-1
,
-1
,
-1
,
-1
,
-1
,
-1
,
-1
,
-1
,
-1
8,
5,
3,
-1
,
-1
,
-1
,
-1
4,
2,8,5,1,
-1
,
-1
,
-1
,
-1
,
-1
,
-1
,
-1
,
-1
,
-1
,
-1
,
-1
,
-1
,
-1
,
-1
,
-1
,
-1
,
-1
,
-1
,
-1
,
-1
8,
5,
3,
-1
,
-1
6,
8,
5,
3,
-1
,
-1
,
-1
,
-1
,
-1
,
-1
,
-1
,
-1
,
-1
,
-1
,
-1
,
-1
,
-1
,
-1
,
-1
,
-1
,
-1
,
-1
,
-1
8,
5,
3,
-1
,
-1
,
-1
,
-1
,
-1
,
-1
,
-1
,
-1
,
-1
,
-1
,
-1
,
-1
,
-1
,
-1
,
-1
,
-1
,
-1
3,
8,5,
-1
,
-1
,
-1
,
-1
,
-1
,
-1
3,
8,5,
-1
,
-1
,
-1
,
-1
,
-1
,
-1
,
-1
,
-1
2,
1,
-1
,
-1
,
-1
,
-1
,
-1
,
-1
,
-1
,
-1
,
-1
,
-1
,
-1
,
-1
,
-1
,
-1
,
-1
,
-1
,
-1
,
-1
,
-1
,
-1
,
-1
,
-1
,
-1
1,
2,
-1
4,
2,8,5,1,
-1
2,
1,
-1
,
-1
1,
2,
-1
,
-1
,
-1
,
-1
,
-1
,
-1
,
-1
,
-1
,
-1
,
-1
,
-1
,
-1
,
-1
,
-1
,
-1
,
-1
,
-1
,
-1
,
-1
,
-1
,
-1
,
-1
,
-1
,
-1
,
-1
,
-1
,
-1
,
-1
,
-1
,
-1
,
-1
,
-1
,
-1
1,
2,
-1
,
-1
,
-1
,
-1
,
-1
,
-1
,
-1
,
-1
7,
9,
1,
2,
-1
,
-1
,
-1
,
-1
,
-1
,
-1
,
-1
,
-1
,
-1
,
-1
3,
8,5,
-1
4,
2,8,5,1,
-1
,
-1
,
-1
9,
-1
,
-1
6,
8,
5,
3,
-1
1,
2,
-1
,
-1
,
-1
,
-1
,
-1
,
-1
,
-1
,
-1
,
-1
,
-1
,
-1
,
-1
,
-1
,
-1
,
-1
,
-1
,
-1
,
-1
,
-1
1,
2,
-1
,
-1
,
-1
,
-1
,
-1
,
-1
,
-1
,
-1
,
-1
,
-1
3,
8,5,
-1
,
-1
,
-1
2,
1,
-1
,
-1
,
-1
,
-1
,
-1
,
-1
,
-1
,
-1
,
-1
,
-1
,
-1
,
-1
,
-1
,
-1
,
-1
,
-1
,
-1
,
-1
,
-1
,
-1
,
-1
,
-1
,
-1
,
-1
,
-1
,
-1
,
-1
,
-1
,
-1
,
-1
,
-1
,
-1
,
-1
,
-1
,
-1
,
-1
,
-1
,
-1
,
-1
,
-1
,
-1
,
-1
,
-1
,
-1
,
-1
,
-1
,
-1
,
-1
,
-1
,
-1
,
-1
7,
9,
1,
2,
-1
,
-1
,
-1
4,
2,8,5,1,
-1
,
-1
,
-1
,
-1
,
-1
,
-1
,
-1
,
-1
,
-1
,
-1
,
-1
2,
1,
-1
,
-1
,
-1
,
-1
,
-1
,
-1
,
-1
,
-1
,
-1
,
-1
,
-1
,
-1
,
-1
,
-1
,
-1
,
-1
,
-1
,
-1
,
-1
,
-1
7,
9,
1,
2,
-1
,
-1
,
-1
,
-1
,
-1
7,
9,
1,
2,
-1
,
-1
,
-1
,
-1
,
-1
,
-1
,
-1
,
-1
,
-1
,
-1
,
-1
,
-1
,
-1
,
-1
,
-1
,
-1
,
-1
,
-1
3,
8,5,
-1
,
-1
,
-1
9,
-1
,
-1
,
-1
,
-1
,
-1
,
-1
,
-1
,
-1
,
-1
2,
1,
-1
,
-1
,
-1
,
-1
,
-1
,
-1
,
-1
,
-1
,
-1
,
-1
3,
8,5,
-1
,
-1
,
-1
,
-1
,
-1
,
-1
4,
2,8,5,1,
-1
,
-1
,
-1
,
-1
,
-1
,
-1
,
-1
,
-1
,
-1
,
-1
7,
9,
1,
2,
-1
,
-1
,
-1
,
-1
,
-1
,
-1
,
-1
,
-1
,
-1
,
-1
,
-1
,
-1
,
-1
,
-1
,
-1
,
-1
,
-1
,
-1
,
-1
,
-1
,
-1
,
-1
3,
8,5,
-1
,
-1
,
-1
,
-1
,
-1
,
-1
,
-1
,
-1
,
-1
,
-1
,
-1
,
-1
,
-1
,
-1
,
-1
,
-1
,
-1
,
-1
,
-1
,
-1
,
-1
,
-1
,
-1
,
-1
,
-1
,
-1
,
-1
,
-1
,
-1
,
-1
4,8,
5,
2,3,
-1
,
-1
,
-1
,
-1
,
-1
,
-1
,
-1
,
-1
,
-1
,
-1
,
-1
,
-1
,
-1
,
-1
,
-1
,
-1
,
-1
,
-1
7,
9,
1,
2,
-1
,
-1
,
-1
,
-1
,
-1
,
-1
,
-1
,
-1
,
-1
,
-1
,
-1
,
-1
,
-1
,
-1
,
-1
,
-1
,
-1
,
-1
,
-1
,
-1
,
-1
,
-1
,
-1
,
-1
,
-1
,
-1
,
-1
,
-1
,
-1
,
-1
,
-1
,
-1
,
-1
,
-1
3,
8,5,
-1
,
-1
,
-1
,
-1
3,
8,5,
-1
,
-1
,
-1
,
-1
,
-1
,
-1
,
-1
9,
-1
,
-1
6,
8,
5,
3,
-1
,
-1
,
-1
,
-1
,
-1
,
-1
,
-1
,
-1
,
-1
,
-1
,
-1
,
-1
,
-1
,
-1
,
-1
,
-1
,
-1
,
-1
,
-1
,
-1
,
-1
4,
2,8,5,1,
-1
,
-1
6,
8,
5,
3,
-1
,
-1
,
-1
,
-1
,
-1
,
-1
,
-1
,
-1
,
-1
,
-1
,
-1
,
-1
,
-1
,
-1
2,
1,
-1
,
-1
,
-1
,
-1
,
-1
,
-1
,
-1
,
-1
,
-1
,
-1
,
-1
,
-1
4,
2,8,5,1,
-1
,
-1
,
-1
5,
8,
3,
-1
,
-1
,
-1
,
-1
,
-1
,
-1
8,
5,
3,
-1
,
-1
,
-1
,
-1
,
-1
,
-1
,
-1
,
-1
,
-1
,
-1
,
-1
,
-1
,
-1
,
-1
,
-1
,
-1
,
-1
,
-1
,
-1
,
-1
1,
2,
-1
,
-1
,
-1
,
-1
,
-1
6,
8,
5,
3,
-1
,
-1
,
-1
,
-1
,
-1
,
-1
,
-1
9,
-1
,
-1
,
-1
,
-1
,
-1
,
-1
,
-1
,
-1
,
-1
,
-1
,
-1
,
-1
,
-1
,
-1
,
-1
,
-1
,
-1
,
-1
,
-1
,
-1
5,
8,
3,
-1
,
-1
,
-1
,
-1
,
-1
,
-1
,
-1
,
-1
,
-1
,
-1
,
-1
,
-1
3,
8,5,
-1
,
-1
,
-1
,
-1
,
-1
5,
8,
3,
-1
6,
8,
5,
3,
-1
,
-1
,
-1
6,
8,
5,
3,
-1
,
-1
,
-1
,
-1
,
-1
,
-1
,
-1
,
-1
,
-1
,
-1
,
-1
,
-1
7,
9,
1,
2,
-1
,
-1
,
-1
,
-1
,
-1
,
-1
,
-1
,
-1
,
-1
,
-1
,
-1
,
-1
,
-1
,
-1
,
-1
,
-1
,
-1
,
-1
,
-1
,
-1
,
-1
,
-1
5,
8,
3,
-1
,
-1
,
-1
,
-1
,
-1
,
-1
,
-1
,
-1
,
-1
,
-1
,
-1
,
-1
,
-1
,
-1
,
-1
,
-1
,
-1
,
-1
,
-1
,
-1
,
-1
,
-1
,
-1
4,
2,8,5,1,
-1
,
-1
,
-1
,
-1
,
-1
2,
1,
-1
,
-1
,
-1
,
-1
,
-1
2,
1,
-1
,
-1
,
-1
,
-1
,
-1
,
-1
,
-1
,
-1
,
-1
,
-1
,
-1
,
-1
,
-1
,
-1
2,6,
1,
-1
,
-1
,
-1
,
-1
,
-1
,
-1
,
-1
,
-1
,
-1
5,
8,
3,
-1
,
-1
,
-1
,
-1
,
-1
,
-1
,
-1
5,
8,
3,
-1
,
-1
,
-1
,
-1
6,
8,
5,
3,
-1
6,
8,
5,
3,
-1
,
-1
,
-1
,
-1
,
-1
,
-1
,
-1
,
-1
,
-1
,
-1
,
-1
,
-1
,
-1
,
-1
,
-1
,
-1
,
-1
5,
8,
3,
-1
,
-1
,
-1
,
-1
,
-1
,
-1
,
-1
,
-1
7,
9,
1,
2,
-1
9,
-1
,
-1
,
-1
,
-1
,
-1
,
-1
,
-1
,
-1
,
-1
3,
8,5,
-1
,
-1
,
-1
6,
8,
5,
3,
-1
,
-1
,
-1
,
-1
,
-1
,
-1
,
-1
,
-1
3,7,
9,
8,
5,
-1
,
-1
,
-1
4,
2,8,5,1,
-1
,
-1
,
-1
,
-1
,
-1
8,
5,
3,
-1
,
-1
,
-1
,
-1
,
-1
,
-1
,
-1
,
-1
,
-1
,
-1
,
-1
,
-1
,
-1
,
-1
,
-1
5,
8,
3,
-1
,
-1
3,
8,5,
-1
,
-1
,
-1
,
-1
,
-1
,
-1
,
-1
,
-1
,
-1
,
-1
,
-1
,
-1
,
-1
,
-1
,
-1
,
-1
,
-1
,
-1
,
-1
1,
2,
-1
,
-1
,
-1
,
-1
,
-1
,
-1
,
-1
,
-1
,
-1
,
-1
,
-1
,
-1
2,
1,
-1
3,
8,5,
-1
,
-1
4,
2,8,5,1,
-1
,
-1
,
-1
,
-1
,
-1
,
-1
,
-1
,
-1
1,
2,
-1
,
-1
,
-1
,
-1
,
-1
5,
8,
3,
-1
,
-1
,
-1
,
-1
,
-1
,
-1
,
-1
,
-1
,
-1
,
-1
,
-1
,
-1
1,
2,
-1
,
-1
,
-1
,
-1
,
-1
,
-1
,
-1
,
-1
,
-1
2,
1,
-1
,
-1
2,
1,
-1
,
-1
,
-1
,
-1
,
-1
,
-1
,
-1
,
-1
,
-1
6,
8,
5,
3,
-1
,
-1
,
-1
,
-1
,
-1
,
-1
,
-1
,
-1
,
-1
,
-1
,
-1
,
-1
9,
-1
,
-1
,
-1
,
-1
,
-1
,
-1
,
-1
,
-1
,
-1
,
-1
,
-1
,
-1
,
-1
,
-1
4,
2,8,5,1,
-1
4,
2,8,5,1,
-1
,
-1
,
-1
,
-1
,
-1
,
-1
,
-1
,
-1
,
-1
,
-1
,
-1
,
-1
,
-1
9,
-1
,
-1
,
-1
,
-1
,
-1
,
-1
,
-1
,
-1
,
-1
,
-1
,
-1
,
-1
8,
5,
3,
-1
,
-1
,
-1
,
-1
,
-1
,
-1
,
-1
,
-1
,
-1
,
-1
,
-1
,
-1
,
-1
,
-1
,
-1
,
-1
2,
1,
-1
,
-1
,
-1
,
-1
,
-1
,
-1
,
-1
,
-1
,
-1
,
-1
,
-1
,
-1
,
-1
,
-1
,
-1
,
-1
,
-1
,
-1
,
-1
,
-1
,
-1
,
-1
,
-1
,
-1
,
-1
,
-1
,
-1
,
-1
,
-1
8,
5,
3,
-1
,
-1
,
-1
,
-1
,
-1
,
-1
,
-1
,
-1
,
-1
,
-1
,
-1
,
-1
,
-1
,
-1
,
-1
,
-1
,
-1
,
-1
,
-1
,
-1
,
-1
,
-1
,
-1
,
-1
,
-1
,
-1
,
-1
,
-1
,
-1
,
-1
,
-1
,
-1
,
-1
,
-1
,
-1
,
-1
,
-1
,
-1
,
-1
,
-1
,
-1
,
-1
,
-1
,
-1
,
-1
,
-1
,
-1
,
-1
,
-1
,
-1
,
-1
,
-1
,
-1
,
-1
,
-1
,
-1
,
-1
8,
5,
3,
-1
,
-1
,
-1
,
-1
,
-1
,
-1
,
-1
,
-1
,
-1
,
-1
,
-1
,
-1
9,
-1
,
-1
,
-1
9,
-1
,
-1
,
-1
,
-1
,
-1
,
-1
,
-1
,
-1
,
-1
,
-1
,
-1
,
-1
,
-1
6,
8,
5,
3,
-1
,
-1
,
-1
,
-1
,
-1
,
-1
1,
2,
-1
,
-1
,
-1
,
-1
,
-1
,
-1
,
-1
,
-1
,
-1
,
-1
,
-1
,
-1
,
-1
,
-1
,
-1
,
-1
,
-1
,
-1
,
-1
,
-1
,
-1
,
-1
5,
8,
3,
-1
,
-1
,
-1
,
-1
,
-1
,
-1
,
-1
,
-1
3,6,
8,5,
-1
,
-1
,
-1
,
-1
,
-1
,
-1
,
-1
7,
9,
1,
2,
-1
,
-1
,
-1
,
-1
,
-1
,
-1
,
-1
,
-1
,
-1
,
-1
,
-1
,
-1
,
-1
,
-1
,
-1
,
-1
,
-1
,
-1
,
-1
,
-1
,
-1
,
-1
,
-1
,
-1
,
-1
,
-1
,
-1
,
-1
,
-1
,
-1
7,
9,
1,
2,
-1
,
-1
,
-1
,
-1
,
-1
9,
-1
,
-1
,
-1
,
-1
,
-1
,
-1
,
-1
,
-1
,
-1
,
-1
,
-1
,
-1
,
-1
,
-1
,
-1
,
-1
,
-1
,
-1
,
-1
,
-1
8,
5,
3,
-1
,
-1
,
-1
,
-1
,
-1
,
-1
,
-1
,
-1
1,
2,
-1
,
-1
,
-1
,
-1
,
-1
7,
9,
1,
2,
-1
5,
8,
3,
-1
,
-1
,
-1
,
-1
,
-1
,
-1
,
-1
,
-1
,
-1
,
-1
,
-1
,
-1
,
-1
,
-1
,
-1
,
-1
,
-1
,
-1
,
-1
,
-1
,
-1
,
-1
,
-1
,
-1
,
-1
7,
9,
1,
2,
-1
,
-1
,
-1
,
-1
,
-1
2,
1,
-1
,
-1
,
-1
,
-1
,
-1
,
-1
,
-1
,
-1
,
-1
,
-1
,
-1
,
-1
,
-1
,
-1
7,
9,
1,
2,
-1
,
-1
5,
8,
3,
-1
2,3,
1,
-1
,
-1
,
-1
,
-1
,
-1
,
-1
,
-1
,
-1
,
-1
,
-1
3,
8,5,
-1
,
-1
,
-1
,
-1
,
-1
,
-1
,
-1
,
-1
,
-1
,
-1
7,
9,
1,
2,
-1
,
-1
,
-1
,
-1
,
-1
,
-1
,
-1
8,
5,
3,
-1
,
-1
,
-1
,
-1
,
-1
,
-1
1,
2,
-1
,
-1
5,
8,
3,
-1
,
-1
,
-1
5,
8,
3,
-1
,
-1
,
-1
,
-1
,
-1
,
-1
,
-1
,
-1
,
-1
,
-1
2,
1,
-1
,
-1
,
-1
,
-1
,
-1
5,
8,
3,
-1
,
-1
,
-1
2,
1,
-1
,
-1
,
-1
,
-1
,
-1
,
-1
,
-1
,
-1
2,
1,
-1
,
-1
,
-1
,
-1
,
-1
,
-1
,
-1
,
-1
,
-1
,
-1
,
-1
,
-1
7,
9,
1,
2,
-1
,
-1
,
-1
,
-1
,
-1
,
-1
7,
9,
1,
2,
-1
,
-1
,
-1
,
-1
,
-1
,
-1
,
-1
,
-1
,
-1
,
-1
,
-1
,
-1
,
-1
,
-1
,
-1
,
-1
,
-1
,
-1
,
-1
,
-1
,
-1
8,
5,
3,
-1
,
-1
,
-1
,
-1
5,
8,
3,
-1
,
-1
,
-1
,
-1
,
-1
,
-1
,
-1
,
-1
,
-1
3,
8,5,
-1
,
-1
,
-1
,
-1
,
-1
,
-1
,
-1
,
-1
,
-1
,
-1
,
-1
,
-1
,
-1
,
-1
,
-1
8,
5,
3,
-1
,
-1
,
-1
,
-1
,
-1
,
-1
,
-1
,
-1
9,
-1
,
-1
,
-1
,
-1
,
-1
,
-1
,
-1
,
-1
,
-1
,
-1
,
-1
,
-1
,
-1
,
-1
,
-1
,
-1
,
-1
,
-1
,
-1
,
-1
,
-1
,
-1
,
-1
,
-1
,
-1
,
-1
,
-1
,
-1
,
-1
,
-1
,
-1
,
-1
,
-1
,
-1
,
-1
,
-1
,
-1
,
-1
,
-1
,
-1
,
-1
,
-1
3,
8,5,
-1
9,
-1
,
-1
,
-1
,
-1
,
-1
,
-1
,
-1
,
-1
,
-1
,
-1
,
-1
7,
9,
1,
2,
-1
,
-1
,
-1
,
-1
,
-1
,
-1
,
-1
,
-1
,
-1
,
-1
,
-1
,
-1
,
-1
,
-1
,
-1
7,
9,
1,
2,
-1
,
-1
,
-1
,
-1
,
-1
,
-1
,
-1
,
-1
4,
2,8,5,1,
-1
,
-1
,
-1
,
-1
,
-1
,
-1
,
-1
,
-1
,
-1
,
-1
4,
2,8,5,1,
-1
,
-1
,
-1
,
-1
,
-1
,
-1
,
-1
,
-1
,
-1
,
-1
,
-1
,
-1
,
-1
,
-1
,
-1
,
-1
,
-1
1,
2,
-1
,
-1
,
-1
,
-1
,
-1
,
-1
,
-1
,
-1
,
-1
,
-1
,
-1
,
-1
,
-1
6,
8,
5,
3,
-1
,
-1
,
-1
,
-1
,
-1
,
-1
,
-1
,
-1
,
-1
,
-1
,
-1
,
-1
,
-1
,
-1
,
-1
,
-1
,
-1
4,
2,8,5,1,
-1
,
-1
,
-1
,
-1
,
-1
,
-1
,
-1
,
-1
,
-1
,
-1
,
-1
,
-1
5,
8,
3,
-1
,
-1
,
-1
,
-1
,
-1
,
-1
,
-1
,
-1
,
-1
2,
1,
-1
,
-1
,
-1
,
-1
,
-1
,
-1
,
-1
,
-1
,
-1
,
-1
,
-1
,
-1
,
-1
,
-1
,
-1
,
-1
,
-1
,
-1
,
-1
,
-1
,
-1
,
-1
,
-1
,
-1
,
-1
,
-1
,
-1
,
-1
,
-1
,
-1
,
-1
,
-1
,
-1
,
-1
,
-1
,
-1
,
-1
,
-1
,
-1
,
-1
,
-1
,
-1
,
-1
,
-1
,
-1
,
-1
,
-1
,
-1
,
-1
3,
8,5,
-1
,
-1
,
-1
9,
-1
,
-1
,
-1
,
-1
,
-1
,
-1
,
-1
,
-1
9,
-1
,
-1
,
-1
6,
8,
5,
3,
-1
,
-1
,
-1
,
-1
,
-1
,
-1
,
-1
,
-1
,
-1
,
-1
,
-1
,
-1
,
-1
,
-1
,
-1
,
-1
,
-1
,
-1
,
-1
,
-1
,
-1
9,
-1
,
-1
,
-1
,
-1
,
-1
,
-1
,
-1
,
-1
,
-1
,
-1
,
-1
,
-1
,
-1
,
-1
,
-1
,
-1
,
-1
,
-1
,
-1
,
-1
,
-1
,
-1
,
-1
,
-1
,
-1
,
-1
,
-1
,
-1
,
-1
,
-1
,
-1
,
-1
,
-1
,
-1
,
-1
,
-1
,
-1
,
-1
,
-1
,
-1
,
-1
,
-1
,
-1
,
-1
,
-1
,
-1
,
-1
,
-1
,
-1
3,
8,5,
-1
,
-1
,
-1
,
-1
,
-1
3,
8,5,
-1
,
-1
,
-1
,
-1
,
-1
,
-1
,
-1
,
-1
,
-1
,
-1
,
-1
3,
8,5,
-1
,
-1
,
-1
4,
2,8,5,1,
-1
,
-1
,
-1
,
-1
,
-1
,
-1
,
-1
,
-1
,
-1
,
-1
,
-1
1,
2,
-1
,
-1
7,
9,
1,
2,
-1
,
-1
5,
8,
3,
-1
,
-1
,
-1
,
-1
,
-1
,
-1
,
-1
,
-1
,
-1
,
-1
,
-1
,
-1
,
-1
5,
8,
3,
-1
3,
8,5,
-1
3,
8,5,
-1
,
-1
8,
5,
3,
-1
,
-1
,
-1
9,
-1
,
-1
,
-1
5,
8,
3,
-1
4,
2,8,5,1,
-1
,
-1
,
-1
,
-1
,
-1
,
-1
5,
8,
3,
-1
,
-1
,
-1
,
-1
,
-1
,
-1
7,
9,
1,
2,
-1
,
-1
,
-1
,
-1
,
-1
,
-1
,
-1
,
-1
,
-1
,
-1
,
-1
1,
2,
-1
,
-1
,
-1
,
-1
,
-1
,
-1
,
-1
,
-1
,
-1
,
-1
,
-1
,
-1
,
-1
,
-1
,
-1
8,
5,
3,
-1
,
-1
,
-1
,
-1
,
-1
,
-1
,
-1
,
-1
9,
-1
,
-1
,
-1
,
-1
,
-1
,
-1
,
-1
,
-1
,
-1
,
-1
,
-1
,
-1
,
-1
,
-1
,
-1
,
-1
,
-1
,
-1
,
-1
,
-1
,
-1
,
-1
,
-1
2,
1,
-1
9,
-1
,
-1
,
-1
,
-1
2,
1,
-1
2,
1,
-1
,
-1
,
-1
,
-1
,
-1
,
-1
,
-1
,
-1
,
-1
,
-1
,
-1
,
-1
,
-1
,
-1
,
-1
,
-1
,
-1
,
-1
,
-1
,
-1
5,
8,
3,
-1
,
-1
,
-1
,
-1
,
-1
,
-1
,
-1
,
-1
7,
9,
1,
2,
-1
,
-1
,
-1
,
-1
,
-1
,
-1
,
-1
,
-1
,
-1
3,
8,5,
-1
,
-1
,
-1
,
-1
,
-1
,
-1
,
-1
,
-1
,
-1
,
-1
,
-1
,
-1
,
-1
,
-1
,
-1
,
-1
,
-1
,
-1
,
-1
,
-1
,
-1
,
-1
,
-1
,
-1
,
-1
,
-1
,
-1
,
-1
,
-1
,
-1
,
-1
,
-1
,
-1
,
-1
,
-1
,
-1
,
-1
,
-1
,
-1
,
-1
,
-1
,
-1
,
-1
1,
2,
-1
,
-1
,
-1
,
-1
,
-1
,
-1
,
-1
,
-1
,
-1
,
-1
,
-1
,
-1
,
-1
,
-1
,
-1
,
-1
,
-1
2,4,
8,1,
-1
,
-1
,
-1
,
-1
,
-1
,
-1
,
-1
,
-1
,
-1
,
-1
,
-1
5,
8,
3,
-1
,
-1
,
-1
,
-1
,
-1
,
-1
,
-1
,
-1
5,
8,
3,
-1
5,
8,
3,
-1
,
-1
,
-1
,
-1
,
-1
,
-1
,
-1
,
-1
,
-1
,
-1
,
-1
,
-1
,
-1
,
-1
,
-1
,
-1
,
-1
,
-1
,
-1
,
-1
,
-1
6,
8,
5,
3,
-1
,
-1
,
-1
,
-1
,
-1
,
-1
,
-1
,
-1
,
-1
,
-1
,
-1
,
-1
,
-1
,
-1
,
-1
,
-1
,
-1
,
-1
,
-1
,
-1
,
-1
,
-1
,
-1
,
-1
,
-1
,
-1
,
-1
,
-1
,
-1
,
-1
8,
5,
3,
-1
1,
2,
-1
,
-1
,
-1
,
-1
,
-1
,
-1
2,
1,
-1
,
-1
,
-1
,
-1
,
-1
,
-1
,
-1
,
-1
,
-1
,
-1
,
-1
,
-1
,
-1
,
-1
6,
8,
5,
3,
-1
8,
5,
3,
-1
,
-1
,
-1
,
-1
,
-1
,
-1
,
-1
,
-1
,
-1
,
-1
,
-1
,
-1
,
-1
,
-1
,
-1
,
-1
,
-1
,
-1
,
-1
,
-1
,
-1
,
-1
,
-1
,
-1
,
-1
,
-1
,
-1
,
-1
,
-1
,
-1
8,
5,
3,
-1
,
-1
,
-1
,
-1
,
-1
,
-1
,
-1
,
-1
,
-1
,
-1
,
-1
,
-1
,
-1
,
-1
,
-1
9,
-1
,
-1
,
-1
,
-1
2,6,
1,
-1
,
-1
,
-1
,
-1
,
-1
,
-1
,
-1
,
-1
9,
-1
,
-1
,
-1
,
-1
,
-1
,
-1
1,
2,
-1
,
-1
,
-1
,
-1
,
-1
,
-1
,
-1
,
-1
,
-1
,
-1
,
-1
,
-1
,
-1
,
-1
,
-1
,
-1
,
-1
8,
5,
3,
-1
,
-1
7,
9,
1,
2,
-1
,
-1
,
-1
,
-1
,
-1
,
-1
,
-1
,
-1
,
-1
,
-1
,
-1
9,
-1
,
-1
,
-1
,
-1
,
-1
,
-1
,
-1
,
-1
,
-1
,
-1
,
-1
3,
8,5,
-1
,
-1
,
-1
,
-1
,
-1
,
-1
8,
5,
3,
-1
,
-1
,
-1
,
-1
1,
2,
-1
9,
-1
,
-1
,
-1
,
-1
,
-1
,
-1
,
-1
,
-1
,
-1
,
-1
,
-1
8,
5,
3,
-1
,
-1
,
-1
,
-1
,
-1
,
-1
,
-1
,
-1
,
-1
,
-1
,
-1
,
-1
,
-1
,
-1
,
-1
,
-1
,
-1
,
-1
,
-1
,
-1
2,
1,
-1
,
-1
,
-1
,
-1
,
-1
,
-1
,
-1
,
-1
,
-1
1,
2,
-1
,
-1
,
-1
,
-1
,
-1
,
-1
,
-1
,
-1
,
-1
,
-1
,
-1
,
-1
,
-1
,
-1
,
-1
,
-1
,
-1
,
-1
,
-1
,
-1
,
-1
,
-1
,
-1
,
-1
,
-1
,
-1
,
-1
,
-1
,
-1
6,
8,
5,
3,
-1
,
-1
,
-1
,
-1
,
-1
,
-1
,
-1
,
-1
,
-1
7,
9,
1,
2,
-1
,
-1
,
-1
,
-1
,
-1
,
-1
,
-1
,
-1
,
-1
,
-1
,
-1
,
-1
,
-1
,
-1
,
-1
,
-1
,
-1
,
-1
5,
8,
3,
-1
,
-1
,
-1
,
-1
,
-1
,
-1
7,
9,
1,
2,
-1
,
-1
,
-1
,
-1
,
-1
,
-1
,
-1
,
-1
,
-1
,
-1
,
-1
,
-1
,
-1
,
-1
,
-1
,
-1
,
-1
,
-1
,
-1
,
-1
,
-1
,
-1
,
-1
,
-1
,
-1
1,
2,
-1
,
-1
,
-1
,
-1
,
-1
,
-1
,
-1
,
-1
4,
2,8,5,1,
-1
,
-1
,
-1
,
-1
,
-1
,
-1
,
-1
,
-1
,
-1
,
-1
,
-1
,
-1
,
-1
,
-1
,
-1
,
-1
4,
2,8,5,1,
-1
,
-1
,
-1
,
-1
,
-1
,
-1
,
-1
,
-1
,
-1
,
-1
,
-1
,
-1
,
-1
,
-1
,
-1
,
-1
,
-1
,
-1
,
-1
,
-1
,
-1
,
-1
,
-1
1,
2,
-1
,
-1
,
-1
,
-1
3,
8,5,
-1
,
-1
,
-1
,
-1
,
-1
,
-1
,
-1
,
-1
,
-1
,
-1
,
-1
,
-1
,
-1
,
-1
,
-1
,
-1
,
-1
,
-1
,
-1
5,
8,
3,
-1
,
-1
,
-1
,
-1
,
-1
,
-1
,
-1
,
-1
,
-1
7,
9,
1,
2,
-1
,
-1
,
-1
,
-1
,
-1
,
-1
2,
1,
-1
,
-1
,
-1
,
-1
,
-1
,
-1
,
-1
,
-1
,
-1
,
-1
6,
8,
5,
3,
-1
1,2,
-1
,
-1
,
-1
,
-1
,
-1
,
-1
,
-1
,
-1
,
-1
,
-1
,
-1
,
-1
,
-1
,
-1
,
-1
,
-1
8,
5,
3,
-1
,
-1
,
-1
,
-1
,
-1
,
-1
,
-1
,
-1
,
-1
,
-1
,
-1
,
-1
,
-1
,
-1
,
-1
2,
1,
-1
,
-1
,
-1
,
-1
,
-1
,
-1
,
-1
,
-1
7,
9,
1,
2,
-1
9,
-1
,
-1
,
-1
,
-1
,
-1
,
-1
,
-1
,
-1
,
-1
,
-1
,
-1
,
-1
,
-1
,
-1
,
-1
,
-1
3,
8,5,
-1
,
-1
,
-1
,
-1
,
-1
6,
8,
5,
3,
-1
,
-1
,
-1
4,
2,8,5,1,
-1
,
-1
,
-1
,
-1
,
-1
,
-1
,
-1
,
-1
,
-1
,
-1
,
-1
5,
8,
3,
-1
,
-1
,
-1
9,
-1
,
-1
,
-1
,
-1
,
-1
,
-1
,
-1
,
-1
9,
-1
,
-1
,
-1
,
-1
,
-1
,
-1
,
-1
,
-1
,
-1
,
-1
,
-1
,
-1
,
-1
,
-1
,
-1
,
-1
,
-1
,
-1
,
-1
,
-1
,
-1
,
-1
,
-1
,
-1
,
-1
,
-1
,
-1
,
-1
,
-1
,
-1
,
-1
,
-1
,
-1
5,
8,
3,
-1
,
-1
,
-1
6,
8,
5,
3,
-1
,
-1
,
-1
,
-1
,
-1
,
-1
,
-1
,
-1
,
-1
,
-1
,
-1
,
-1
,
-1
,
-1
,
-1
1,
2,
-1
,
-1
,
-1
,
-1
,
-1
,
-1
,
-1
,
-1
,
-1
,
-1
,
-1
,
-1
,
-1
,
-1
,
-1
,
-1
,
-1
,
-1
,
-1
,
-1
,
-1
,
-1
,
-1
,
-1
,
-1
,
-1
,
-1
,
-1
,
-1
,
-1
,
-1
,
-1
7,
9,
1,
2,
-1
,
-1
,
-1
,
-1
,
-1
,
-1
,
-1
,
-1
,
-1
,
-1
,
-1
,
-1
,
-1
,
-1
,
-1
,
-1
4,
2,8,5,1,
-1
,
-1
,
-1
,
-1
2,
1,
-1
,
-1
,
-1
,
-1
,
-1
,
-1
,
-1
,
-1
,
-1
,
-1
7,
9,
1,
2,
-1
,
-1
,
-1
,
-1
,
-1
,
-1
,
-1
,
-1
,
-1
,
-1
,
-1
,
-1
,
-1
,
-1
,
-1
,
-1
,
-1
,
-1
4,9,
2,8,1,
-1
7,
9,
1,
2,
-1
,
-1
,
-1
,
-1
,
-1
,
-1
,
-1
,
-1
,
-1
,
-1
,
-1
,
-1
,
-1
,
-1
,
-1
,
-1
,
-1
,
-1
,
-1
,
-1
,
-1
,
-1
,
-1
,
-1
,
-1
,
-1
,
-1
,
-1
,
-1
,
-1
,
-1
,
-1
,
-1
,
-1
,
-1
,
-1
,
-1
,
-1
,
-1
,
-1
,
-1
1,
2,
-1
,
-1
8,
5,
3,
-1
,
-1
,
-1
,
-1
,
-1
,
-1
,
-1
,
-1
,
-1
,
-1
,
-1
5,
8,
3,
-1
,
-1
,
-1
,
-1
,
-1
,
-1
,
-1
,
-1
,
-1
,
-1
1,
2,
-1
,
-1
4,
2,8,5,1,
-1
,
-1
,
-1
,
-1
,
-1
,
-1
,
-1
9,
-1
,
-1
4,
2,8,5,1,
-1
,
-1
,
-1
,
-1
5,
8,
3,
-1
,
-1
,
-1
,
-1
,
-1
,
-1
,
-1
,
-1
,
-1
7,
9,
1,
2,
-1
,
-1
,
-1
,
-1
,
-1
,
-1
,
-1
,
-1
,
-1
,
-1
,
-1
,
-1
,
-1
,
-1
,
-1
,
-1
,
-1
,
-1
,
-1
,
-1
,
-1
,
-1
,
-1
,
-1
,
-1
,
-1
,
-1
,
-1
,
-1
,
-1
,
-1
,
-1
,
-1
,
-1
,
-1
,
-1
3,
8,5,
-1
,
-1
,
-1
,
-1
3,
8,5,
-1
,
-1
8,
5,
3,
-1
,
-1
,
-1
,
-1
,
-1
,
-1
,
-1
,
-1
,
-1
,
-1
,
-1
,
-1
,
-1
,
-1
,
-1
,
-1
,
-1
,
-1
,
-1
,
-1
,
-1
,
-1
,
-1
,
-1
6,
8,
5,
3,
-1
,
-1
,
-1
1,9,
2,
-1
,
-1
,
-1
,
-1
,
-1
,
-1
,
-1
6,
8,
5,
3,
-1
,
-1
,
-1
,
-1
,
-1
,
-1
,
-1
,
-1
,
-1
,
-1
,
-1
,
-1
,
-1
,
-1
,
-1
,
-1
,
-1
,
-1
,
-1
,
-1
,
-1
,
-1
,
-1
,
-1
,
-1
2,
1,
-1
,
-1
,
-1
,
-1
,
-1
,
-1
,
-1
,
-1
,
-1
,
-1
,
-1
,
-1
,
-1
,
-1
,
-1
,
-1
,
-1
,
-1
,
-1
,
-1
,
-1
,
-1
,
-1
,
-1
,
-1
,
-1
,
-1
,
-1
,
-1
,
-1
,
-1
,
-1
,
-1
,
-1
,
-1
,
-1
,
-1
,
-1
,
-1
,
-1
,
-1
,
-1
,
-1
,
-1
6,
8,
5,
3,
-1
,
-1
,
-1
,
-1
,
-1
,
-1
7,
9,
1,
2,
-1
,
-1
,
-1
,
-1
,
-1
,
-1
,
-1
7,
9,
1,
2,
-1
,
-1
,
-1
,
-1
,
-1
,
-1
,
-1
,
-1
,
-1
,
-1
,
-1
,
-1
,
-1
,
-1
,
-1
,
-1
,
-1
,
-1
,
-1
,
-1
,
-1
,
-1
,
-1
2,
1,
-1
,
-1
,
-1
,
-1
,
-1
,
-1
,
-1
,
-1
7,
9,
1,
2,
-1
9,
-1
,
-1
,
-1
,
-1
,
-1
,
-1
,
-1
1,
2,
-1
,
-1
,
-1
,
-1
,
-1
,
-1
,
-1
3,
8,5,
-1
3,
8,5,
-1
,
-1
,
-1
,
-1
7,
9,
1,
2,
-1
,
-1
,
-1
,
-1
,
-1
,
-1
,
-1
7,
9,
1,
2,
-1
,
-1
,
-1
8,
5,
3,
-1
1,
2,
-1
,
-1
,
-1
,
-1
,
-1
,
-1
,
-1
,
-1
,
-1
6,
8,
5,
3,
-1
,
-1
,
-1
,
-1
,
-1
8,
5,
3,
-1
,
-1
,
-1
,
-1
2,
1,
-1
,
-1
,
-1
,
-1
,
-1
,
-1
,
-1
,
-1
,
-1
,
-1
,
-1
,
-1
,
-1
,
-1
,
-1
,
-1
,
-1
,
-1
,
-1
,
-1
,
-1
,
-1
,
-1
,
-1
,
-1
5,
8,
3,
-1
1,
2,
-1
,
-1
,
-1
,
-1
,
-1
,
-1
,
-1
,
-1
,
-1
,
-1
,
-1
,
-1
,
-1
,
-1
,
-1
,
-1
,
-1
,
-1
,
-1
,
-1
,
-1
,
-1
9,
-1
,
-1
,
-1
,
-1
,
-1
,
-1
,
-1
,
-1
,
-1
8,
5,
3,
-1
,
-1
,
-1
,
-1
,
-1
,
-1
,
-1
,
-1
,
-1
,
-1
,
-1
,
-1
,
-1
,
-1
,
-1
,
-1
,
-1
,
-1
,
-1
,
-1
6,
8,
5,
3,
-1
,
-1
,
-1
,
-1
,
-1
,
-1
,
-1
,
-1
1,
2,
-1
,
-1
,
-1
,
-1
,
-1
,
-1
,
-1
,
-1
,
-1
,
-1
,
-1
,
-1
,
-1
,
-1
,
-1
8,
5,
3,
-1
,
-1
,
-1
,
-1
,
-1
,
-1
,
-1
,
-1
,
-1
7,
9,
1,
2,
-1
,
-1
,
-1
7,
9,
1,
2,
-1
,
-1
,
-1
,
-1
,
-1
,
-1
,
-1
,
-1
,
-1
,
-1
,
-1
,
-1
,
-1
,
-1
7,
9,
1,
2,
-1
,
-1
3,
8,5,
-1
,
-1
,
-1
,
-1
,
-1
,
-1
,
-1
,
-1
,
-1
,
-1
,
-1
,
-1
,
-1
,
-1
,
-1
,
-1
,
-1
,
-1
2,
1,
-1
,
-1
,
-1
,
-1
,
-1
,
-1
,
-1
,
-1
,
-1
,
-1
3,
8,5,
-1
,
-1
,
-1
,
-1
,
-1
,
-1
,
-1
,
-1
,
-1
,
-1
,
-1
,
-1
,
-1
,
-1
,
-1
,
-1
,
-1
,
-1
,
-1
,
-1
1,2,
-1
,
-1
,
-1
,
-1
,
-1
,
-1
,
-1
,
-1
,
-1
,
-1
,
-1
,
-1
,
-1
,
-1
,
-1
,
-1
,
-1
,
-1
,
-1
,
-1
,
-1
,
-1
,
-1
,
-1
,
-1
,
-1
,
-1
,
-1
,
-1
,
-1
,
-1
,
-1
,
-1
,
-1
,
-1
,
-1
,
-1
,
-1
,
-1
,
-1
,
-1
,
-1
,
-1
,
-1
,
-1
,
-1
,
-1
,
-1
,
-1
,
-1
,
-1
,
-1
,
-1
,
-1
,
-1
,
-1
,
-1
,
-1
,
-1
,
-1
,
-1
,
-1
,
-1
,
-1
,
-1
,
-1
,
-1
,
-1
,
-1
,
-1
,
-1
,
-1
,
-1
7,
9,
1,
2,
-1
,
-1
,
-1
,
-1
2,
1,
-1
,
-1
,
-1
6,
8,
5,
3,
-1
,
-1
,
-1
,
-1
,
-1
,
-1
,
-1
5,
8,
3,
-1
,
-1
5,
8,
3,
-1
,
-1
,
-1
2,
1,
-1
,
-1
,
-1
,
-1
,
-1
,
-1
,
-1
,
-1
,
-1
,
-1
,
-1
,
-1
,
-1
,
-1
,
-1
,
-1
,
-1
,
-1
,
-1
,
-1
,
-1
,
-1
3,
8,5,
-1
,
-1
,
-1
,
-1
,
-1
,
-1
,
-1
7,
9,
1,
2,
-1
6,
8,
5,
3,
-1
,
-1
,
-1
,
-1
,
-1
,
-1
,
-1
,
-1
,
-1
,
-1
,
-1
,
-1
,
-1
,
-1
,
-1
,
-1
,
-1
,
-1
,
-1
,
-1
,
-1
,
-1
,
-1
,
-1
,
-1
,
-1
,
-1
,
-1
,
-1
,
-1
,
-1
,
-1
2,
1,
-1
9,
-1
3,
8,5,
-1
,
-1
,
-1
,
-1
,
-1
,
-1
,
-1
,
-1
,
-1
,
-1
,
-1
,
-1
6,
8,
5,
3,
-1
,
-1
,
-1
2,
1,
-1
,
-1
,
-1
,
-1
,
-1
,
-1
,
-1
,
-1
8,
5,
3,
-1
,
-1
,
-1
,
-1
,
-1
,
-1
,
-1
,
-1
,
-1
,
-1
,
-1
,
-1
,
-1
,
-1
,
-1
,
-1
,
-1
,
-1
,
-1
,
-1
,
-1
,
-1
,
-1
,
-1
,
-1
,
-1
,
-1
,
-1
,
-1
,
-1
,
-1
6,
8,
5,
3,
-1
,
-1
,
-1
,
-1
4,
2,8,5,1,
-1
,
-1
,
-1
,
-1
,
-1
,
-1
,
-1
,
-1
,
-1
,
-1
,
-1
,
-1
,
-1
,
-1
,
-1
,
-1
,
-1
3,
8,5,
-1
9,
-1
,
-1
,
-1
,
-1
,
-1
,
-1
,
-1
,
-1
,
-1
,
-1
,
-1
,
-1
,
-1
,
-1
,
-1
,
-1
,
-1
,
-1
,
-1
,
-1
,
-1
,
-1
,
-1
,
-1
,
-1
1,
2,
-1
,
-1
,
-1
,
-1
,
-1
,
-1
,
-1
,
-1
,
-1
,
-1
,
-1
,
-1
,
-1
,
-1
9,
-1
,
-1
,
-1
,
-1
,
-1
,
-1
,
-1
,
-1
,
-1
,
-1
,
-1
,
-1
,
-1
,
-1
,
-1
,
-1
,
-1
,
-1
,
-1
,
-1
,
-1
,
-1
,
-1
,
-1
,
-1
,
-1
,
-1
,
-1
,
-1
,
-1
,
-1
,
-1
,
-1
,
-1
,
-1
,
-1
,
-1
,
-1
,
-1
,
-1
,
-1
,
-1
,
-1
,
-1
,
-1
,
-1
,
-1
,
-1
,
-1
,
-1
,
-1
,
-1
,
-1
,
-1
,
-1
,
-1
,
-1
5,6,
8,
3,
-1
,
-1
,
-1
,
-1
,
-1
,
-1
,
-1
4,
2,8,5,1,
-1
,
-1
,
-1
,
-1
,
-1
,
-1
,
-1
,
-1
,
-1
,
-1
,
-1
,
-1
,
-1
,
-1
8,
5,
3,
-1
,
-1
9,
-1
8,
5,
3,
-1
,
-1
,
-1
,
-1
,
-1
,
-1
,
-1
,
-1
,
-1
,
-1
,
-1
,
-1
,
-1
,
-1
,
-1
,
-1
,
-1
,
-1
,
-1
,
-1
,
-1
,
-1
,
-1
,
-1
,
-1
,
-1
,
-1
,
-1
,
-1
,
-1
,
-1
,
-1
,
-1
,
-1
,
-1
,
-1
,
-1
,
-1
,
-1
,
-1
,
-1
,
-1
,
-1
,
-1
,
-1
,
-1
,
-1
,
-1
,
-1
,
-1
,
-1
,
-1
,
-1
,
-1
,
-1
,
-1
,
-1
,
-1
,
-1
,
-1
,
-1
,
-1
,
-1
,
-1
,
-1
,
-1
,
-1
,
-1
,
-1
,
-1
,
-1
,
-1
,
-1
,
-1
,
-1
,
-1
,
-1
2,
1,
-1
,
-1
,
-1
,
-1
1,
2,
-1
8,
5,
3,
-1
,
-1
,
-1
,
-1
,
-1
,
-1
,
-1
,
-1
,
-1
,
-1
,
-1
,
-1
,
-1
,
-1
,
-1
,
-1
,
-1
,
-1
,
-1
,
-1
,
-1
,
-1
,
-1
,
-1
,
-1
,
-1
,
-1
,
-1
,
-1
,
-1
,
-1
,
-1
,
-1
8,
5,
3,
-1
,
-1
,
-1
,
-1
,
-1
,
-1
,
-1
,
-1
2,
1,
-1
,
-1
,
-1
,
-1
,
-1
,
-1
,
-1
,
-1
,
-1
,
-1
,
-1
,
-1
,
-1
,
-1
,
-1
,
-1
,
-1
,
-1
,
-1
,
-1
,
-1
,
-1
,
-1
,
-1
,
-1
,
-1
,
-1
,
-1
,
-1
,
-1
,
-1
,
-1
,
-1
1,
2,
-1
,
-1
,
-1
,
-1
8,
5,
3,
-1
,
-1
,
-1
,
-1
,
-1
,
-1
,
-1
,
-1
,
-1
4,
2,8,5,1,
-1
,
-1
,
-1
,
-1
,
-1
,
-1
,
-1
,
-1
,
-1
,
-1
,
-1
,
-1
,
-1
,
-1
,
-1
,
-1
,
-1
,
-1
,
-1
8,
5,
3,
-1
,
-1
,
-1
,
-1
,
-1
,
-1
,
-1
,
-1
,
-1
,
-1
,
-1
,
-1
,
-1
,
-1
,
-1
,
-1
,
-1
,
-1
,
-1
,
-1
,
-1
,
-1
,
-1
,
-1
2,
1,
-1
1,
2,
-1
,
-1
,
-1
9,
-1
5,
8,
3,
-1
,
-1
,
-1
,
-1
,
-1
,
-1
,
-1
,
-1
,
-1
1,
2,
-1
,
-1
,
-1
,
-1
,
-1
,
-1
6,
8,
5,
3,
-1
,
-1
,
-1
,
-1
,
-1
,
-1
,
-1
,
-1
,
-1
,
-1
,
-1
,
-1
8,
5,
3,
-1
,
-1
,
-1
,
-1
,
-1
,
-1
,
-1
,
-1
,
-1
,
-1
,
-1
,
-1
,
-1
,
-1
,
-1
5,
8,
3,
-1
4,
2,8,5,1,
-1
,
-1
,
-1
,
-1
,
-1
,
-1
2,
1,
-1
,
-1
,
-1
,
-1
,
-1
2,
1,
-1
,
-1
,
-1
,
-1
,
-1
,
-1
,
-1
,
-1
,
-1
,
-1
,
-1
,
-1
5,
8,
3,
-1
,
-1
,
-1
,
-1
7,
9,
1,
2,
-1
,
-1
4,
2,8,5,1,
-1
3,
8,5,
-1
,
-1
,
-1
,
-1
,
-1
,
-1
,
-1
,
-1
,
-1
,
-1
,
-1
4,
2,8,5,1,
-1
,
-1
,
-1
,
-1
,
-1
,
-1
,
-1
7,
9,
1,
2,
-1
,
-1
,
-1
,
-1
,
-1
,
-1
6,
8,
5,
3,
-1
,
-1
,
-1
,
-1
3,
8,5,
-1
,
-1
,
-1
,
-1
3,
8,5,
-1
,
-1
,
-1
,
-1
,
-1
,
-1
7,
9,
1,
2,
-1
,
-1
,
-1
,
-1
,
-1
,
-1
,
-1
,
-1
7,
9,
1,
2,
-1
,
-1
,
-1
,
-1
,
-1
,
-1
3,
8,5,
-1
,
-1
,
-1
,
-1
,
-1
,
-1
,
-1
,
-1
,
-1
,
-1
,
-1
,
-1
,
-1
,
-1
,
-1
,
-1
,
-1
,
-1
,
-1
